projectName;numberOfScenarios;conflictingScenarios;conflictingScenariosNoWS;conflictingScenariosNoCLWS;scenariosWithCommonChangedFiles;scenariosWithCommonChangedMethods;scenariosWithSsmergeConf;scenariosWithTextualConf;scenariosWithJdimeConf;scenariosWithCL;scenariosWithWS;consecutiveLinesConf;spacingConf;ssmergeConf;jdimeConf;textualConf;ssmergetime;textualtime;jdimetime;travisBuildTime;travisBuildDiscarded;travisPASSEDssmerge;travisFAILEDssmerge;travisERROREDssmerge;travisPASSEDjdime;travisFAILEDjdime;travisERROREDjdime;changedFiles;commonChangedFiles;changedMethods;commonChangedMethods;ssmergeConfNoCL;ssmergeConfNoWS;ssmergeConfNoCLWS;scenariosWithSsmergeConfNoCL;scenariosWithSsmergeConfNoWS;scenariosWithSsmergeConfNoCLWS;scenariosOnlyWithSsmergeConf;scenariosOnlyWithTextualConf;scenariosOnlyWithJdimeConf;scenariosOnlyWithSsmergeConfNoCLWS;scenariosOnlyWithJdimeConfNoCLWS;scenariosOnlyWithSsmergeConfNoWS;scenariosOnlyWithJdimeConfNoWS;travisPASSEDjdimeNoWS;travisFAILEDjdimeNoWS;travisERROREDjdimeNoWS;travisPASSEDjdimeNoCLWS;travisFAILEDjdimeNoCLWS;travisERROREDjdimeNoCLWS
guilhermejccavalcanti/webcam-capture;27;0;0;0;0;0;0;0;0;0;0;0;0;0;0;0;0;0;0;0;0;0;0;0;0;0;0;73;0;0;0;0;0;0;0;0;0;0;0;0;0;0;0;0;0;0;0;0;0;0
guilhermejccavalcanti/brickhouse;9;0;0;0;0;0;0;0;0;0;0;0;0;0;0;0;0;0;0;0;0;0;0;0;0;0;0;219;0;0;0;0;0;0;0;0;0;0;0;0;0;0;0;0;0;0;0;0;0;0
guilhermejccavalcanti/kryo-serializers;22;0;0;0;1;0;0;0;0;0;0;0;0;0;0;0;1541887201;175424245;2040288641;0;0;0;0;0;0;0;0;65;1;2;0;0;0;0;0;0;0;0;0;0;0;0;0;0;0;0;0;0;0;0
guilhermejccavalcanti/optiq;7;0;0;0;1;1;0;1;0;0;0;0;0;0;0;1;63836891047;1062481695;54789825866;0;0;0;0;0;0;0;0;150;5;28;2;0;0;0;0;0;0;0;1;0;0;0;0;0;0;0;0;0;0;0
guilhermejccavalcanti/QRGen;45;0;0;0;3;0;0;0;0;0;0;0;0;0;0;0;17523671920;1508529734;18355706495;0;0;0;0;0;0;0;0;117;6;38;0;0;0;0;0;0;0;0;0;0;0;0;0;0;0;0;0;0;0;0
guilhermejccavalcanti/fenixedu-academic;897;0;0;0;44;4;0;0;0;0;0;0;0;0;0;0;276002817288;5046270295;219926266362;0;0;0;0;0;0;0;0;83479;149;109;4;0;0;0;0;0;0;0;0;0;0;0;0;0;0;0;0;0;0;0
guilhermejccavalcanti/webapp-runner;11;3;3;3;4;4;3;3;0;0;0;0;0;4;0;6;14130057074;1105503215;19884560557;1977;3;0;0;0;0;0;0;27;6;11;5;4;4;4;3;3;3;3;0;0;3;0;3;0;0;0;0;0;0;0
guilhermejccavalcanti/Xebium;30;3;2;2;8;3;3;5;2;0;1;0;1;3;2;5;48131380224;1568828775;38769914750;70;1;0;0;0;0;0;0;148;12;50;3;3;2;2;3;2;2;1;2;0;0;0;0;0;0;0;0;0;0;0
guilhermejccavalcanti/Metamorphosis;5;0;0;0;0;0;0;0;0;0;0;0;0;0;0;0;0;0;0;0;0;0;0;0;0;0;0;6;0;0;0;0;0;0;0;0;0;0;0;0;0;0;0;0;0;0;0;0;0;0
guilhermejccavalcanti/zxing;74;0;0;0;0;0;0;0;0;0;0;0;0;0;0;0;0;0;0;0;0;0;0;0;0;0;0;278;0;0;0;0;0;0;0;0;0;0;0;0;0;0;0;0;0;0;0;0;0;0
guilhermejccavalcanti/jeromq;177;0;0;0;9;0;0;0;0;0;0;0;0;0;0;0;106657329728;2241912781;70159413267;0;0;0;0;0;0;0;0;2157;11;52;0;0;0;0;0;0;0;0;0;0;0;0;0;0;0;0;0;0;0;0
guilhermejccavalcanti/joni;18;0;0;0;2;0;0;0;0;0;0;0;0;0;0;0;11873621931;385726424;6531968295;0;0;0;0;0;0;0;0;183;2;0;0;0;0;0;0;0;0;0;0;0;0;0;0;0;0;0;0;0;0;0
guilhermejccavalcanti/jOOQ;106;7;7;7;20;6;6;8;5;1;0;1;0;57;57;59;741367293675;17927064331;576132148174;995;1;0;0;0;2;0;0;11531;293;476;14;56;57;56;6;6;6;2;2;1;2;1;2;1;2;0;0;2;0;0
guilhermejccavalcanti/stampede;147;0;0;0;5;2;0;0;0;0;0;0;0;0;0;0;14025346874;561269125;17471097999;0;0;0;0;0;0;0;0;11919;12;8;2;0;0;0;0;0;0;0;0;0;0;0;0;0;0;0;0;0;0;0
guilhermejccavalcanti/joda-beans;6;0;0;0;1;1;0;0;0;0;0;0;0;0;0;0;38910697965;1130542657;31639704889;0;0;0;0;0;0;0;0;75;6;11;1;0;0;0;0;0;0;0;0;0;0;0;0;0;0;0;0;0;0;0
guilhermejccavalcanti/Spoutcraft;14;0;0;0;3;0;0;0;0;0;0;0;0;0;0;0;26296970300;451039661;23743687328;0;0;0;0;0;0;0;0;659;5;4;0;0;0;0;0;0;0;0;0;0;0;0;0;0;0;0;0;0;0;0
guilhermejccavalcanti/geotools;857;1;1;1;55;10;1;2;1;0;0;0;0;1;1;2;733786040410;16083384695;723569931386;0;0;0;0;0;0;0;0;51135;89;209;16;1;1;1;1;1;1;0;2;0;0;0;0;0;0;0;0;0;0;0
guilhermejccavalcanti/GeoIP2-java;36;0;0;0;0;0;0;0;0;0;0;0;0;0;0;0;0;0;0;0;0;0;0;0;0;0;0;245;0;0;0;0;0;0;0;0;0;0;0;0;0;0;0;0;0;0;0;0;0;0
guilhermejccavalcanti/lambda-behave;17;0;0;0;3;0;0;0;0;0;0;0;0;0;0;0;6679796517;361281126;6041321048;0;0;0;0;0;0;0;0;178;11;3;0;0;0;0;0;0;0;0;0;0;0;0;0;0;0;0;0;0;0;0
guilhermejccavalcanti/ontop;149;7;7;7;20;10;7;10;6;3;2;4;5;37;16;159;925534197958;44846656844;1029767716317;115;0;0;0;0;0;0;1;20194;1572;1004;45;33;32;28;7;7;7;1;3;0;1;0;1;0;0;0;1;0;0;1
guilhermejccavalcanti/light-admin;15;0;0;0;1;0;0;0;0;0;0;0;0;0;0;0;0;0;0;0;0;0;0;0;0;0;0;288;1;0;0;0;0;0;0;0;0;0;0;0;0;0;0;0;0;0;0;0;0;0
guilhermejccavalcanti/TeamSpeak-3-Java-API;7;0;0;0;0;0;0;0;0;0;0;0;0;0;0;0;0;0;0;0;0;0;0;0;0;0;0;29;0;0;0;0;0;0;0;0;0;0;0;0;0;0;0;0;0;0;0;0;0;0
guilhermejccavalcanti/auto;183;5;5;5;10;5;5;2;5;0;1;0;1;11;13;13;65770001658;2261191093;70488595113;0;0;0;0;0;0;0;0;1624;27;55;12;11;10;10;5;5;5;0;0;0;0;0;0;0;0;0;0;0;0;0
guilhermejccavalcanti/hpack;4;0;0;0;0;0;0;0;0;0;0;0;0;0;0;0;0;0;0;0;0;0;0;0;0;0;0;9;0;0;0;0;0;0;0;0;0;0;0;0;0;0;0;0;0;0;0;0;0;0
guilhermejccavalcanti/rtree;23;1;1;1;3;1;1;1;1;0;0;0;0;1;1;1;17694830134;576849263;15654354065;0;0;0;0;0;0;0;0;150;3;5;1;1;1;1;1;1;1;0;0;0;0;0;0;0;0;0;0;0;0;0
guilhermejccavalcanti/jparsec;35;2;2;2;7;2;2;4;2;0;0;0;0;2;2;5;44331097279;1534815614;37027159622;0;0;0;0;0;0;0;0;1947;11;26;2;2;2;2;2;2;2;0;2;0;0;0;0;0;0;0;0;0;0;0
guilhermejccavalcanti/objenesis;7;0;0;0;1;0;0;0;0;0;0;0;0;0;0;0;3142902474;190426012;2728246061;0;0;0;0;0;0;0;0;93;1;0;0;0;0;0;0;0;0;0;0;0;0;0;0;0;0;0;0;0;0;0
guilhermejccavalcanti/closure-compiler;272;3;3;3;38;7;0;1;3;0;0;0;0;0;28;1;756969715878;12368836445;557773666433;426;1;1;1;0;0;0;0;12222;73;285;9;0;0;0;0;0;0;0;1;3;0;3;0;3;0;0;0;0;0;0
guilhermejccavalcanti/Duke;21;0;0;0;4;2;0;1;0;0;0;0;0;0;0;4;21578655511;1305379252;22000238771;0;0;0;0;0;0;0;0;363;8;16;3;0;0;0;0;0;0;0;1;0;0;0;0;0;0;0;0;0;0;0
guilhermejccavalcanti/coopr;486;0;0;0;16;0;0;0;0;0;0;0;0;0;0;0;0;0;0;0;0;0;0;0;0;0;0;7690;45;0;0;0;0;0;0;0;0;0;0;0;0;0;0;0;0;0;0;0;0;0
guilhermejccavalcanti/Multiverse-Core;9;0;0;0;0;0;0;0;0;0;0;0;0;0;0;0;0;0;0;0;0;0;0;0;0;0;0;56;0;0;0;0;0;0;0;0;0;0;0;0;0;0;0;0;0;0;0;0;0;0
guilhermejccavalcanti/PiggyMetrics;11;0;0;0;0;0;0;0;0;0;0;0;0;0;0;0;0;0;0;0;0;0;0;0;0;0;0;15;0;0;0;0;0;0;0;0;0;0;0;0;0;0;0;0;0;0;0;0;0;0
guilhermejccavalcanti/jackson-annotations;24;0;0;0;2;0;0;0;0;0;0;0;0;0;0;0;16239115572;572780562;13699279264;0;0;0;0;0;0;0;0;104;3;1;0;0;0;0;0;0;0;0;0;0;0;0;0;0;0;0;0;0;0;0
guilhermejccavalcanti/jOOU;6;0;0;0;1;1;0;0;0;0;0;0;0;0;0;0;2540628088;186526183;2307602114;0;0;0;0;0;0;0;0;36;1;19;16;0;0;0;0;0;0;0;0;0;0;0;0;0;0;0;0;0;0;0
guilhermejccavalcanti/guice;70;0;0;0;0;0;0;0;0;0;0;0;0;0;0;0;0;0;0;0;0;0;0;0;0;0;0;1479;0;0;0;0;0;0;0;0;0;0;0;0;0;0;0;0;0;0;0;0;0;0
guilhermejccavalcanti/jOOR;16;0;0;0;4;0;0;1;0;0;0;0;0;0;0;1;27777179635;1584427780;29814950054;0;0;0;0;0;0;0;0;43;7;17;0;0;0;0;0;0;0;0;1;0;0;0;0;0;0;0;0;0;0;0
guilhermejccavalcanti/exist;930;3;3;3;26;5;3;3;3;0;0;0;0;16;32;16;232748775741;6914989363;217419280291;0;0;0;0;0;0;0;0;28050;564;287;21;16;16;16;3;3;3;0;0;0;0;0;0;0;0;0;0;0;0;0
guilhermejccavalcanti/eclipse-instasearch;7;0;0;0;0;0;0;0;0;0;0;0;0;0;0;0;0;0;0;0;0;0;0;0;0;0;0;9;0;0;0;0;0;0;0;0;0;0;0;0;0;0;0;0;0;0;0;0;0;0
guilhermejccavalcanti/disconf;51;0;0;0;4;1;0;1;0;0;0;0;0;0;0;1;11421159530;554123307;12604926855;0;0;0;0;0;0;0;0;1237;202;9;1;0;0;0;0;0;0;0;1;0;0;0;0;0;0;0;0;0;0;0
guilhermejccavalcanti/jOOX;10;0;0;0;3;0;0;1;0;0;0;0;0;0;0;1;74965758577;1173127152;61868587312;0;0;0;0;0;0;0;0;45;5;8;0;0;0;0;0;0;0;0;1;0;0;0;0;0;0;0;0;0;0;0
guilhermejccavalcanti/cmb;4;0;0;0;0;0;0;0;0;0;0;0;0;0;0;0;0;0;0;0;0;0;0;0;0;0;0;3;0;0;0;0;0;0;0;0;0;0;0;0;0;0;0;0;0;0;0;0;0;0
guilhermejccavalcanti/dynalink;2;0;0;0;0;0;0;0;0;0;0;0;0;0;0;0;0;0;0;0;0;0;0;0;0;0;0;0;0;0;0;0;0;0;0;0;0;0;0;0;0;0;0;0;0;0;0;0;0;0
guilhermejccavalcanti/roaster;17;0;0;0;1;0;0;0;0;0;0;0;0;0;0;0;19163343403;407015424;14871213796;0;0;0;0;0;0;0;0;126;2;9;0;0;0;0;0;0;0;0;0;0;0;0;0;0;0;0;0;0;0;0
guilhermejccavalcanti/gwt-bootstrap;91;1;1;1;8;1;1;2;1;0;0;0;0;2;2;5;45506993810;2578240140;40046183386;0;0;0;0;0;0;0;0;1253;16;62;2;2;2;2;1;1;1;0;1;0;0;0;0;0;0;0;0;0;0;0
guilhermejccavalcanti/gwt-maven-plugin;7;0;0;0;0;0;0;0;0;0;0;0;0;0;0;0;0;0;0;0;0;0;0;0;0;0;0;22;0;0;0;0;0;0;0;0;0;0;0;0;0;0;0;0;0;0;0;0;0;0
guilhermejccavalcanti/token-bucket;4;0;0;0;0;0;0;0;0;0;0;0;0;0;0;0;0;0;0;0;0;0;0;0;0;0;0;17;0;0;0;0;0;0;0;0;0;0;0;0;0;0;0;0;0;0;0;0;0;0
guilhermejccavalcanti/hsweb-framework;54;0;0;0;6;0;0;0;0;0;0;0;0;0;0;0;0;0;0;0;0;0;0;0;0;0;0;1462;6;0;0;0;0;0;0;0;0;0;0;0;0;0;0;0;0;0;0;0;0;0
guilhermejccavalcanti/mvvmFX;205;7;6;6;24;8;6;7;5;0;2;0;3;10;7;26;128717319806;6615512592;120750524171;314;1;0;0;0;2;0;0;5085;67;96;13;10;7;7;6;5;5;2;1;1;1;1;1;1;1;0;0;1;0;0
guilhermejccavalcanti/facebook4j;33;0;0;0;3;0;0;1;0;0;0;0;0;0;0;1;20475547750;1287212836;18061692700;0;0;0;0;0;0;0;0;281;7;6;0;0;0;0;0;0;0;0;1;0;0;0;0;0;0;0;0;0;0;0
guilhermejccavalcanti/jsondoc;21;0;0;0;0;0;0;0;0;0;0;0;0;0;0;0;0;0;0;0;0;0;0;0;0;0;0;70;0;0;0;0;0;0;0;0;0;0;0;0;0;0;0;0;0;0;0;0;0;0
guilhermejccavalcanti/aws-sdk-java;161;3;3;3;29;4;3;3;3;0;0;0;0;3;3;3;336559316282;7017358549;281676804760;0;0;0;0;0;0;0;0;304848;46;83;4;3;3;3;3;3;3;0;0;0;0;0;0;0;0;0;0;0;0;0
guilhermejccavalcanti/protostuff;105;2;2;2;7;3;2;4;1;0;0;0;0;2;1;5;43705494743;1941246170;39943700690;103;0;0;0;0;1;0;0;2856;10;85;50;2;2;2;2;2;2;1;2;0;1;0;1;0;1;0;0;1;0;0
guilhermejccavalcanti/spark;218;9;9;9;49;18;9;10;9;0;1;0;1;15;23;24;253675987015;12258203043;229732843645;0;0;0;0;0;0;0;0;3062;104;224;28;15;14;14;9;9;9;0;2;0;0;0;0;0;0;0;0;0;0;0
guilhermejccavalcanti/futuroid;1;0;0;0;0;0;0;0;0;0;0;0;0;0;0;0;0;0;0;0;0;0;0;0;0;0;0;0;0;0;0;0;0;0;0;0;0;0;0;0;0;0;0;0;0;0;0;0;0;0
guilhermejccavalcanti/proxydroid;8;0;0;0;0;0;0;0;0;0;0;0;0;0;0;0;0;0;0;0;0;0;0;0;0;0;0;9;0;0;0;0;0;0;0;0;0;0;0;0;0;0;0;0;0;0;0;0;0;0
guilhermejccavalcanti/checkstyle;13;0;0;0;1;0;0;0;0;0;0;0;0;0;0;0;0;0;0;0;0;0;0;0;0;0;0;828;22;0;0;0;0;0;0;0;0;0;0;0;0;0;0;0;0;0;0;0;0;0
guilhermejccavalcanti/CLAVIN;32;0;0;0;2;0;0;0;0;0;0;0;0;0;0;0;0;0;0;0;0;0;0;0;0;0;0;554;8;0;0;0;0;0;0;0;0;0;0;0;0;0;0;0;0;0;0;0;0;0
guilhermejccavalcanti/owner;36;1;1;1;7;2;1;1;1;0;0;0;0;2;2;2;18817071775;946405733;17408913841;0;0;0;0;0;0;0;0;187;9;6;2;2;2;2;1;1;1;0;0;0;0;0;0;0;0;0;0;0;0;0
guilhermejccavalcanti/elasticsearch-river-neo4j;12;0;0;0;0;0;0;0;0;0;0;0;0;0;0;0;0;0;0;0;0;0;0;0;0;0;0;23;0;0;0;0;0;0;0;0;0;0;0;0;0;0;0;0;0;0;0;0;0;0
guilhermejccavalcanti/desktop-maven-notifier;4;0;0;0;0;0;0;0;0;0;0;0;0;0;0;0;0;0;0;0;0;0;0;0;0;0;0;11;0;0;0;0;0;0;0;0;0;0;0;0;0;0;0;0;0;0;0;0;0;0
guilhermejccavalcanti/jcabi-aspects;57;0;0;0;7;1;0;1;0;0;0;0;0;0;0;3;21803013669;2004836664;22678972258;0;0;0;0;0;0;0;0;253;16;12;1;0;0;0;0;0;0;0;1;0;0;0;0;0;0;0;0;0;0;0
guilhermejccavalcanti/steam-condenser-java;17;0;0;0;8;0;0;4;0;0;0;0;0;0;0;7;66202810242;3887851088;61987130785;0;0;0;0;0;0;0;0;391;21;43;0;0;0;0;0;0;0;0;4;0;0;0;0;0;0;0;0;0;0;0
guilhermejccavalcanti/ninja;92;0;0;0;4;0;0;0;0;0;0;0;0;0;0;0;68955406350;2635911765;61398520484;0;0;0;0;0;0;0;0;3572;14;67;0;0;0;0;0;0;0;0;0;0;0;0;0;0;0;0;0;0;0;0
guilhermejccavalcanti/generator;126;1;1;1;2;1;0;0;1;0;0;0;0;0;1;0;5066177083;371774074;5971738072;186;1;0;0;0;0;0;0;2227;2;2;1;0;0;0;0;0;0;0;0;1;0;1;0;1;0;0;0;0;0;0
guilhermejccavalcanti/eclipse-color-theme;12;0;0;0;0;0;0;0;0;0;0;0;0;0;0;0;0;0;0;0;0;0;0;0;0;0;0;18;0;0;0;0;0;0;0;0;0;0;0;0;0;0;0;0;0;0;0;0;0;0
guilhermejccavalcanti/java-dirty;1;0;0;0;0;0;0;0;0;0;0;0;0;0;0;0;0;0;0;0;0;0;0;0;0;0;0;6;0;0;0;0;0;0;0;0;0;0;0;0;0;0;0;0;0;0;0;0;0;0
guilhermejccavalcanti/Handy-URI-Templates;25;3;3;3;3;3;3;2;2;0;0;0;0;7;6;9;19179784602;1441301685;19000923846;79;0;0;0;0;1;0;0;168;10;72;6;7;7;7;3;3;3;1;0;0;1;0;1;0;1;0;0;1;0;0
guilhermejccavalcanti/logback;61;3;2;2;8;4;3;3;1;0;2;0;4;8;1;10;39591439697;2017400612;35439602761;264;0;0;0;0;1;0;1;5120;17;66;8;8;4;4;3;2;2;2;0;0;1;0;1;0;0;0;1;0;0;1
guilhermejccavalcanti/guava;1;0;0;0;0;0;0;0;0;0;0;0;0;0;0;0;0;0;0;0;0;0;0;0;0;0;0;57;0;0;0;0;0;0;0;0;0;0;0;0;0;0;0;0;0;0;0;0;0;0
guilhermejccavalcanti/goclipse;234;43;43;43;127;37;43;49;38;0;0;0;0;91;90;181;254464506747;24717727443;258889269485;783;5;0;0;0;0;0;0;46803;1744;410;61;91;91;91;43;43;43;5;11;0;5;0;5;0;0;0;0;0;0;0
guilhermejccavalcanti/DataflowJavaSDK;253;1;1;1;18;3;1;2;1;0;0;0;0;1;1;2;257082999648;5170574588;231690434826;0;0;0;0;0;0;0;0;8558;49;98;4;1;1;1;1;1;1;0;2;0;0;0;0;0;0;0;0;0;0;0
guilhermejccavalcanti/clocker;186;1;1;1;21;7;1;1;0;0;0;0;0;1;0;1;250108498722;6156678533;280620669681;203;1;0;0;0;0;0;0;1607;32;75;11;1;1;1;1;1;1;1;0;0;1;0;1;0;0;0;0;0;0;0
guilhermejccavalcanti/elasticsearch-sql;112;16;15;13;36;24;16;20;8;3;4;3;28;70;19;80;433411774092;19762047362;479020993634;722;1;0;0;0;2;0;5;2213;145;498;84;67;42;39;14;15;13;8;4;0;5;0;7;0;2;0;4;1;0;4
guilhermejccavalcanti/java-faker;47;7;7;7;12;9;7;8;5;0;0;0;0;8;11;15;44597536074;2579950201;41685888585;430;1;0;0;0;1;0;0;278;20;49;11;8;8;8;7;7;7;2;1;0;2;0;2;0;1;0;0;1;0;0
guilhermejccavalcanti/storm-rabbitmq;18;0;0;0;0;0;0;0;0;0;0;0;0;0;0;0;0;0;0;0;0;0;0;0;0;0;0;44;0;0;0;0;0;0;0;0;0;0;0;0;0;0;0;0;0;0;0;0;0;0
guilhermejccavalcanti/metrics-spring;36;0;0;0;1;1;0;1;0;0;0;0;0;0;0;1;5050473227;895592907;6170258803;0;0;0;0;0;0;0;0;416;6;1;1;0;0;0;0;0;0;0;1;0;0;0;0;0;0;0;0;0;0;0
guilhermejccavalcanti/jinjava;83;1;1;1;3;3;1;2;1;0;0;0;0;1;1;4;10966181386;752629500;11429304047;0;0;0;0;0;0;0;0;615;4;5;4;1;1;1;1;1;1;0;1;0;0;0;0;0;0;0;0;0;0;0
guilhermejccavalcanti/che;652;1;1;1;11;2;1;0;1;0;0;0;0;1;1;0;89282905379;2355249985;114429884892;0;0;0;0;0;0;0;0;28519;12;30;2;1;1;1;1;1;1;0;0;0;0;0;0;0;0;0;0;0;0;0
guilhermejccavalcanti/yeoman-maven-plugin;4;0;0;0;0;0;0;0;0;0;0;0;0;0;0;0;0;0;0;0;0;0;0;0;0;0;0;6;0;0;0;0;0;0;0;0;0;0;0;0;0;0;0;0;0;0;0;0;0;0
guilhermejccavalcanti/languagetool;104;0;0;0;10;2;0;0;0;0;0;0;0;0;0;0;67833211721;2028340179;60584100243;0;0;0;0;0;0;0;0;1509;103;40;2;0;0;0;0;0;0;0;0;0;0;0;0;0;0;0;0;0;0;0
guilhermejccavalcanti/LittleProxy;135;7;7;7;34;7;6;6;4;2;1;2;1;10;6;22;358141492186;10666318296;338445976901;492;1;0;0;1;1;0;1;1032;51;173;13;8;9;7;5;6;5;3;1;1;3;2;3;1;1;0;1;1;0;1
guilhermejccavalcanti/DSpace;1012;11;11;10;118;42;11;9;7;1;2;4;2;21;11;16;949084329320;34940527684;1001790751571;1772;2;0;0;0;0;2;0;102447;736;597;60;17;19;15;10;11;10;4;0;0;3;0;4;0;0;2;0;0;2;0
guilhermejccavalcanti/sejda;23;3;3;2;8;4;3;3;1;2;0;3;0;8;1;11;35524373684;1939409922;37959802907;148;2;0;0;0;0;0;0;1003;23;47;10;5;8;5;2;3;2;2;0;0;1;0;2;0;0;0;0;0;0;0
guilhermejccavalcanti/jacoco;82;1;0;0;3;1;1;2;0;0;1;0;3;3;0;4;18021860572;785642419;14562277099;148;1;0;0;0;0;0;0;825;4;60;1;3;0;0;1;0;0;1;1;0;0;0;0;0;0;0;0;0;0;0
guilhermejccavalcanti/HiveSwarm;5;0;0;0;0;0;0;0;0;0;0;0;0;0;0;0;0;0;0;0;0;0;0;0;0;0;0;5;0;0;0;0;0;0;0;0;0;0;0;0;0;0;0;0;0;0;0;0;0;0
guilhermejccavalcanti/fastweixin;13;0;0;0;3;1;0;0;0;0;0;0;0;0;0;0;4833943507;183223283;4788587473;0;0;0;0;0;0;0;0;50;8;1;1;0;0;0;0;0;0;0;0;0;0;0;0;0;0;0;0;0;0;0
guilhermejccavalcanti/9-Patch-Resizer;5;0;0;0;0;0;0;0;0;0;0;0;0;0;0;0;0;0;0;0;0;0;0;0;0;0;0;44;0;0;0;0;0;0;0;0;0;0;0;0;0;0;0;0;0;0;0;0;0;0
guilhermejccavalcanti/ykneo-openpgp;7;1;1;1;3;3;1;1;1;0;1;0;2;3;1;3;34540449019;1114387242;56946602443;0;0;0;0;0;0;0;0;36;6;50;7;3;1;1;1;1;1;0;0;0;0;0;0;0;0;0;0;0;0;0
guilhermejccavalcanti/jsr354-api;26;0;0;0;2;0;0;0;0;0;0;0;0;0;0;0;19135053321;2049712993;22362581380;0;0;0;0;0;0;0;0;226;12;31;0;0;0;0;0;0;0;0;0;0;0;0;0;0;0;0;0;0;0;0
guilhermejccavalcanti/soap-ws;2;0;0;0;0;0;0;0;0;0;0;0;0;0;0;0;0;0;0;0;0;0;0;0;0;0;0;0;0;0;0;0;0;0;0;0;0;0;0;0;0;0;0;0;0;0;0;0;0;0
guilhermejccavalcanti/getdown;22;0;0;0;4;2;0;0;0;0;0;0;0;0;0;0;25592349918;945157443;25903988564;0;0;0;0;0;0;0;0;170;5;11;2;0;0;0;0;0;0;0;0;0;0;0;0;0;0;0;0;0;0;0
guilhermejccavalcanti/motan;81;2;2;2;6;3;2;2;2;0;1;0;1;3;2;4;10145160280;742397902;11197238109;0;0;0;0;0;0;0;0;1285;19;6;4;3;2;2;2;2;2;0;0;0;0;0;0;0;0;0;0;0;0;0
guilhermejccavalcanti/sculptor;37;0;0;0;0;0;0;0;0;0;0;0;0;0;0;0;0;0;0;0;0;0;0;0;0;0;0;476;0;0;0;0;0;0;0;0;0;0;0;0;0;0;0;0;0;0;0;0;0;0
guilhermejccavalcanti/jubilee;10;1;1;1;1;1;1;1;1;0;0;0;0;5;9;4;14711871361;713719361;13382947767;0;0;0;0;0;0;0;0;54;5;10;5;5;5;5;1;1;1;0;0;0;0;0;0;0;0;0;0;0;0;0
guilhermejccavalcanti/mysql-binlog-connector-java;17;0;0;0;0;0;0;0;0;0;0;0;0;0;0;0;0;0;0;0;0;0;0;0;0;0;0;33;0;0;0;0;0;0;0;0;0;0;0;0;0;0;0;0;0;0;0;0;0;0
guilhermejccavalcanti/Vault;7;0;0;0;0;0;0;0;0;0;0;0;0;0;0;0;0;0;0;0;0;0;0;0;0;0;0;9;0;0;0;0;0;0;0;0;0;0;0;0;0;0;0;0;0;0;0;0;0;0
guilhermejccavalcanti/jcabi-http;36;0;0;0;3;1;0;1;0;0;0;0;0;0;0;12;32198626510;2465932558;35451202347;0;0;0;0;0;0;0;0;203;13;26;5;0;0;0;0;0;0;0;1;0;0;0;0;0;0;0;0;0;0;0
guilhermejccavalcanti/caelum-stella;41;1;1;1;4;1;1;2;1;0;0;0;0;1;1;2;23406496730;1618145259;19560032278;0;0;0;0;0;0;0;0;509;9;40;6;1;1;1;1;1;1;0;1;0;0;0;0;0;0;0;0;0;0;0
guilhermejccavalcanti/galimatias;7;0;0;0;1;0;0;0;0;0;0;0;0;0;0;0;0;0;0;0;0;0;0;0;0;0;0;57;1;0;0;0;0;0;0;0;0;0;0;0;0;0;0;0;0;0;0;0;0;0
guilhermejccavalcanti/mustache.java;44;1;1;1;7;1;1;1;1;0;0;0;0;1;3;2;50168787197;1600992695;45953495881;0;0;0;0;0;0;0;0;351;10;11;1;1;1;1;1;1;1;0;0;0;0;0;0;0;0;0;0;0;0;0
guilhermejccavalcanti/spring-boot-starter-batch-web;20;2;2;2;3;1;2;2;2;0;0;0;0;4;3;7;10038397957;895834460;11151704539;0;0;0;0;0;0;0;0;225;22;13;3;4;4;4;2;2;2;0;0;0;0;0;0;0;0;0;0;0;0;0
guilhermejccavalcanti/ripple-lib-java;10;1;1;1;2;1;1;1;1;0;1;0;1;21;25;28;35056643855;1806413978;33115561612;0;0;0;0;0;0;0;0;131;10;48;16;21;20;20;1;1;1;0;0;0;0;0;0;0;0;0;0;0;0;0
guilhermejccavalcanti/pac4j;422;15;15;14;41;20;15;16;10;3;3;5;4;69;21;68;326747526204;18487478273;307680299723;975;4;0;0;0;0;0;1;9526;138;502;88;64;65;60;14;15;14;5;5;0;4;0;5;0;0;0;1;0;0;1
guilhermejccavalcanti/p2-maven-plugin;21;1;1;1;4;2;1;1;1;0;0;0;0;1;1;1;15031243165;595101971;13313693568;0;0;0;0;0;0;0;0;82;4;22;2;1;1;1;1;1;1;0;0;0;0;0;0;0;0;0;0;0;0;0
guilhermejccavalcanti/mapdb;48;0;0;0;10;1;0;0;0;0;0;0;0;0;0;0;148864692150;2271733214;107037760820;0;0;0;0;0;0;0;0;687;12;64;1;0;0;0;0;0;0;0;0;0;0;0;0;0;0;0;0;0;0;0
guilhermejccavalcanti/jmustache;5;0;0;0;1;0;0;0;0;0;0;0;0;0;0;0;9890199203;192687226;7112240463;0;0;0;0;0;0;0;0;6;1;1;0;0;0;0;0;0;0;0;0;0;0;0;0;0;0;0;0;0;0;0
guilhermejccavalcanti/es;11;0;0;0;0;0;0;0;0;0;0;0;0;0;0;0;0;0;0;0;0;0;0;0;0;0;0;8;0;0;0;0;0;0;0;0;0;0;0;0;0;0;0;0;0;0;0;0;0;0
guilhermejccavalcanti/immutables;129;5;5;5;13;5;5;6;5;0;0;0;0;14;19;20;175938174014;3947899599;127620055124;0;0;0;0;0;0;0;0;1657;43;102;18;14;14;14;5;5;5;0;2;0;0;0;0;0;0;0;0;0;0;0
guilhermejccavalcanti/skype-bot;1;0;0;0;0;0;0;0;0;0;0;0;0;0;0;0;0;0;0;0;0;0;0;0;0;0;0;4;0;0;0;0;0;0;0;0;0;0;0;0;0;0;0;0;0;0;0;0;0;0
guilhermejccavalcanti/PixelController;24;1;1;1;4;2;1;1;1;0;0;0;0;2;2;3;22406031888;1146643331;36023404538;0;0;0;0;0;0;0;0;365;7;14;4;2;2;2;1;1;1;0;0;0;0;0;0;0;0;0;0;0;0;0
guilhermejccavalcanti/JavaVerbalExpressions;27;0;0;0;4;0;0;2;0;0;0;0;0;0;0;3;28862284621;1488514698;24354576663;0;0;0;0;0;0;0;0;66;8;86;0;0;0;0;0;0;0;0;2;0;0;0;0;0;0;0;0;0;0;0
guilhermejccavalcanti/Openfire;606;4;4;4;34;9;4;4;3;2;0;3;0;15;6;19;424684330138;10095515026;370857302896;51;1;0;0;0;0;0;0;24313;71;373;16;12;15;12;4;4;4;1;1;0;1;0;1;0;0;0;0;0;0;0
guilhermejccavalcanti/javapoet;249;0;0;0;27;3;0;2;0;0;0;0;0;0;0;3;211907493722;8386210771;198894196464;0;0;0;0;0;0;0;0;1262;42;190;4;0;0;0;0;0;0;0;2;0;0;0;0;0;0;0;0;0;0;0
guilhermejccavalcanti/Tillerinobot;18;0;0;0;2;0;0;0;0;0;0;0;0;0;0;0;3201021647;203883807;2501583407;0;0;0;0;0;0;0;0;106;2;2;0;0;0;0;0;0;0;0;0;0;0;0;0;0;0;0;0;0;0;0
guilhermejccavalcanti/JReadability;1;0;0;0;0;0;0;0;0;0;0;0;0;0;0;0;0;0;0;0;0;0;0;0;0;0;0;1;0;0;0;0;0;0;0;0;0;0;0;0;0;0;0;0;0;0;0;0;0;0
guilhermejccavalcanti/slim3;5;0;0;0;1;0;0;0;0;0;0;0;0;0;0;0;0;0;0;0;0;0;0;0;0;0;0;260;45;0;0;0;0;0;0;0;0;0;0;0;0;0;0;0;0;0;0;0;0;0
guilhermejccavalcanti/score;149;2;2;2;9;3;2;2;1;0;0;0;0;5;1;6;39067231444;2208908209;38983948194;42;1;0;0;0;0;0;0;1682;17;40;8;5;5;5;2;2;2;1;0;0;1;0;1;0;0;0;0;0;0;0
guilhermejccavalcanti/spring-boot-security-saml-sample;7;0;0;0;0;0;0;0;0;0;0;0;0;0;0;0;0;0;0;0;0;0;0;0;0;0;0;18;0;0;0;0;0;0;0;0;0;0;0;0;0;0;0;0;0;0;0;0;0;0
guilhermejccavalcanti/opensoc-streaming;25;0;0;0;5;0;0;0;0;0;0;0;0;0;0;0;14771789354;567976064;21370428975;0;0;0;0;0;0;0;0;397;9;12;0;0;0;0;0;0;0;0;0;0;0;0;0;0;0;0;0;0;0;0
guilhermejccavalcanti/clisk;6;0;0;0;0;0;0;0;0;0;0;0;0;0;0;0;0;0;0;0;0;0;0;0;0;0;0;5;0;0;0;0;0;0;0;0;0;0;0;0;0;0;0;0;0;0;0;0;0;0
guilhermejccavalcanti/budgetapp;7;0;0;0;0;0;0;0;0;0;0;0;0;0;0;0;0;0;0;0;0;0;0;0;0;0;0;20;0;0;0;0;0;0;0;0;0;0;0;0;0;0;0;0;0;0;0;0;0;0
guilhermejccavalcanti/fjord;1;0;0;0;0;0;0;0;0;0;0;0;0;0;0;0;0;0;0;0;0;0;0;0;0;0;0;2;0;0;0;0;0;0;0;0;0;0;0;0;0;0;0;0;0;0;0;0;0;0
guilhermejccavalcanti/jsonapi;35;0;0;0;2;0;0;0;0;0;0;0;0;0;0;0;9955373891;200298526;10108339707;0;0;0;0;0;0;0;0;130;8;3;0;0;0;0;0;0;0;0;0;0;0;0;0;0;0;0;0;0;0;0
guilhermejccavalcanti/seyren;124;3;3;3;9;7;1;2;3;1;0;1;0;3;4;3;51745445039;1966116431;56439779984;425;2;0;0;0;0;0;0;434;10;21;10;2;3;2;1;1;1;0;1;2;0;2;0;2;0;0;0;0;0;0
guilhermejccavalcanti/commafeed;56;0;0;0;2;0;0;1;0;0;0;0;0;0;0;1;23181983355;595414972;27806853480;0;0;0;0;0;0;0;0;241;3;8;0;0;0;0;0;0;0;0;1;0;0;0;0;0;0;0;0;0;0;0
guilhermejccavalcanti/morphia;25;0;0;0;0;0;0;0;0;0;0;0;0;0;0;0;0;0;0;0;0;0;0;0;0;0;0;475;0;0;0;0;0;0;0;0;0;0;0;0;0;0;0;0;0;0;0;0;0;0
guilhermejccavalcanti/jpetstore-6;63;0;0;0;0;0;0;0;0;0;0;0;0;0;0;0;0;0;0;0;0;0;0;0;0;0;0;84;0;0;0;0;0;0;0;0;0;0;0;0;0;0;0;0;0;0;0;0;0;0
guilhermejccavalcanti/rest-assured;35;0;0;0;2;0;0;0;0;0;0;0;0;0;0;0;48709089891;1269417261;31209626073;0;0;0;0;0;0;0;0;250;6;4;0;0;0;0;0;0;0;0;0;0;0;0;0;0;0;0;0;0;0;0
guilhermejccavalcanti/blueflood;105;0;0;0;4;0;0;0;0;0;0;0;0;0;0;0;26322085810;1010295621;26021084251;0;0;0;0;0;0;0;0;1805;6;9;0;0;0;0;0;0;0;0;0;0;0;0;0;0;0;0;0;0;0;0
guilhermejccavalcanti/spring-security-pac4j;27;0;0;0;0;0;0;0;0;0;0;0;0;0;0;0;0;0;0;0;0;0;0;0;0;0;0;94;0;0;0;0;0;0;0;0;0;0;0;0;0;0;0;0;0;0;0;0;0;0
guilhermejccavalcanti/spatial-framework-for-hadoop;32;0;0;0;0;0;0;0;0;0;0;0;0;0;0;0;0;0;0;0;0;0;0;0;0;0;0;483;0;0;0;0;0;0;0;0;0;0;0;0;0;0;0;0;0;0;0;0;0;0
guilhermejccavalcanti/stratosphere;41;0;0;0;4;0;0;1;0;0;0;0;0;0;0;1;16923806899;451145438;15413958350;0;0;0;0;0;0;0;0;1110;13;4;0;0;0;0;0;0;0;0;1;0;0;0;0;0;0;0;0;0;0;0
guilhermejccavalcanti/handlebars.java;71;0;0;0;4;0;0;1;0;0;0;0;0;0;0;1;9050267550;198471554;7006954989;0;0;0;0;0;0;0;0;356;13;15;0;0;0;0;0;0;0;0;1;0;0;0;0;0;0;0;0;0;0;0
guilhermejccavalcanti/wikibrain;177;12;12;12;30;16;10;13;8;0;1;0;2;23;26;31;109652961616;6436821014;118865142140;199;6;0;0;0;0;0;0;5819;130;90;22;23;21;21;10;10;10;4;3;2;4;2;4;2;0;0;0;0;0;0
guilhermejccavalcanti/cglib;30;0;0;0;3;1;0;0;0;0;0;0;0;0;0;0;64551713935;1013763065;52366564407;0;0;0;0;0;0;0;0;331;6;15;2;0;0;0;0;0;0;0;0;0;0;0;0;0;0;0;0;0;0;0
guilhermejccavalcanti/jcabi-ssh;6;0;0;0;0;0;0;0;0;0;0;0;0;0;0;0;0;0;0;0;0;0;0;0;0;0;0;18;0;0;0;0;0;0;0;0;0;0;0;0;0;0;0;0;0;0;0;0;0;0
guilhermejccavalcanti/ripme;35;0;0;0;4;1;0;0;0;0;0;0;0;0;0;0;4404502447;369703692;6151042351;0;0;0;0;0;0;0;0;480;5;3;2;0;0;0;0;0;0;0;0;0;0;0;0;0;0;0;0;0;0;0
guilhermejccavalcanti/equalsverifier;52;0;0;0;0;0;0;0;0;0;0;0;0;0;0;0;0;0;0;0;0;0;0;0;0;0;0;567;0;0;0;0;0;0;0;0;0;0;0;0;0;0;0;0;0;0;0;0;0;0
guilhermejccavalcanti/concurrentunit;2;0;0;0;0;0;0;0;0;0;0;0;0;0;0;0;0;0;0;0;0;0;0;0;0;0;0;4;0;0;0;0;0;0;0;0;0;0;0;0;0;0;0;0;0;0;0;0;0;0
guilhermejccavalcanti/pocketknife;3;0;0;0;0;0;0;0;0;0;0;0;0;0;0;0;0;0;0;0;0;0;0;0;0;0;0;4;0;0;0;0;0;0;0;0;0;0;0;0;0;0;0;0;0;0;0;0;0;0
guilhermejccavalcanti/tale;43;0;0;0;2;0;0;0;0;0;0;0;0;0;0;0;6324597252;384157708;7647782906;0;0;0;0;0;0;0;0;262;2;4;0;0;0;0;0;0;0;0;0;0;0;0;0;0;0;0;0;0;0;0
guilhermejccavalcanti/spring-security-oauth;1;0;0;0;0;0;0;0;0;0;0;0;0;0;0;0;0;0;0;0;0;0;0;0;0;0;0;0;0;0;0;0;0;0;0;0;0;0;0;0;0;0;0;0;0;0;0;0;0;0
guilhermejccavalcanti/jackson-dataformat-csv;43;3;1;1;12;4;3;2;1;0;2;0;2;3;1;3;99931406111;2858271896;72098298011;65;2;0;0;0;0;0;0;426;19;156;6;3;1;1;3;1;1;2;0;0;0;0;0;0;0;0;0;0;0;0
guilhermejccavalcanti/cobarclient;2;0;0;0;0;0;0;0;0;0;0;0;0;0;0;0;0;0;0;0;0;0;0;0;0;0;0;162;0;0;0;0;0;0;0;0;0;0;0;0;0;0;0;0;0;0;0;0;0;0
guilhermejccavalcanti/failsafe;13;0;0;0;1;0;0;0;0;0;0;0;0;0;0;0;2232294813;182992553;2071890274;0;0;0;0;0;0;0;0;92;1;1;0;0;0;0;0;0;0;0;0;0;0;0;0;0;0;0;0;0;0;0
guilhermejccavalcanti/javaparser;460;3;3;3;26;5;3;4;2;0;0;0;0;4;2;8;283243541806;10050720040;753218183485;0;0;0;0;0;0;0;0;9837;80;184;8;4;4;4;3;3;3;1;2;0;1;0;1;0;0;0;0;0;0;0
guilhermejccavalcanti/faunus;29;5;5;5;8;2;5;5;5;0;0;0;0;9;9;8;32143298683;1636098884;29989511692;0;0;0;0;0;0;0;0;277;13;15;6;9;9;9;5;5;5;0;0;0;0;0;0;0;0;0;0;0;0;0
guilhermejccavalcanti/javaee7-samples;105;0;0;0;1;0;0;0;0;0;0;0;0;0;0;0;0;0;0;0;0;0;0;0;0;0;0;2852;1;0;0;0;0;0;0;0;0;0;0;0;0;0;0;0;0;0;0;0;0;0
guilhermejccavalcanti/Twig-Eclipse-Plugin;8;2;2;2;4;2;2;3;1;0;1;0;3;18;13;25;61414677449;3045259232;55544993708;39;1;0;0;0;0;0;0;691;19;132;48;18;15;15;2;2;2;1;1;0;1;0;1;0;0;0;0;0;0;0
guilhermejccavalcanti/eclipse-ui-theme;10;0;0;0;0;0;0;0;0;0;0;0;0;0;0;0;0;0;0;0;0;0;0;0;0;0;0;0;0;0;0;0;0;0;0;0;0;0;0;0;0;0;0;0;0;0;0;0;0;0
guilhermejccavalcanti/jafka;3;1;1;1;1;1;1;1;1;0;0;0;0;2;2;4;13783143986;716212851;13388164241;0;0;0;0;0;0;0;0;45;4;18;4;2;2;2;1;1;1;0;0;0;0;0;0;0;0;0;0;0;0;0
guilhermejccavalcanti/burst;18;0;0;0;0;0;0;0;0;0;0;0;0;0;0;0;0;0;0;0;0;0;0;0;0;0;0;67;0;0;0;0;0;0;0;0;0;0;0;0;0;0;0;0;0;0;0;0;0;0
guilhermejccavalcanti/frontend-maven-plugin;128;3;3;3;13;4;3;4;3;0;0;0;0;4;3;5;24179733562;2262741248;25901463524;0;0;0;0;0;0;0;0;585;13;42;4;4;4;4;3;3;3;0;1;0;0;0;0;0;0;0;0;0;0;0
guilhermejccavalcanti/elasticsearch-image;2;0;0;0;1;0;0;0;0;0;0;0;0;0;0;0;0;0;0;0;0;0;0;0;0;0;0;6;4;0;0;0;0;0;0;0;0;0;0;0;0;0;0;0;0;0;0;0;0;0
guilhermejccavalcanti/spring-cloud-config;100;6;5;5;21;7;6;10;3;0;3;0;8;13;3;32;143391600761;6327483540;147507058444;166;3;0;0;0;0;0;0;1188;48;191;32;13;5;5;6;5;5;3;4;0;2;0;2;0;0;0;0;0;0;0
guilhermejccavalcanti/tripleplay;3;0;0;0;1;0;0;1;0;0;0;0;0;0;0;5;75878239927;2701798735;61518337917;0;0;0;0;0;0;0;0;167;14;132;0;0;0;0;0;0;0;0;1;0;0;0;0;0;0;0;0;0;0;0
guilhermejccavalcanti/wishlist;1;0;0;0;0;0;0;0;0;0;0;0;0;0;0;0;0;0;0;0;0;0;0;0;0;0;0;0;0;0;0;0;0;0;0;0;0;0;0;0;0;0;0;0;0;0;0;0;0;0
guilhermejccavalcanti/elasticsearch-http-basic;12;0;0;0;0;0;0;0;0;0;0;0;0;0;0;0;0;0;0;0;0;0;0;0;0;0;0;25;0;0;0;0;0;0;0;0;0;0;0;0;0;0;0;0;0;0;0;0;0;0
guilhermejccavalcanti/effektif;70;8;8;8;29;10;8;10;8;0;2;0;2;23;25;44;266500067919;15559352767;265204348361;0;0;0;0;0;0;0;0;1831;105;198;29;23;21;21;8;8;8;0;2;0;0;0;0;0;0;0;0;0;0;0
guilhermejccavalcanti/compile-testing;32;0;0;0;2;0;0;1;0;0;0;0;0;0;0;1;8040541019;387111730;8065214574;0;0;0;0;0;0;0;0;159;2;2;0;0;0;0;0;0;0;0;1;0;0;0;0;0;0;0;0;0;0;0
guilhermejccavalcanti/gephi;87;3;3;3;13;7;3;5;3;0;0;0;0;6;6;9;179098221947;6157499075;190603823000;0;0;0;0;0;0;0;0;5742;177;184;10;6;6;6;3;3;3;0;3;0;0;0;0;0;0;0;0;0;0;0
guilhermejccavalcanti/jvm-breakglass;4;0;0;0;0;0;0;0;0;0;0;0;0;0;0;0;0;0;0;0;0;0;0;0;0;0;0;2;0;0;0;0;0;0;0;0;0;0;0;0;0;0;0;0;0;0;0;0;0;0
guilhermejccavalcanti/log4j-jsonevent-layout;10;0;0;0;1;1;0;0;0;0;0;0;0;0;0;0;2783564616;184867774;2656273206;0;0;0;0;0;0;0;0;20;1;1;1;0;0;0;0;0;0;0;0;0;0;0;0;0;0;0;0;0;0;0
guilhermejccavalcanti/jmxtrans;281;0;0;0;7;1;0;0;0;0;0;0;0;0;0;0;21906577921;1141222726;22032407950;0;0;0;0;0;0;0;0;3750;19;14;1;0;0;0;0;0;0;0;0;0;0;0;0;0;0;0;0;0;0;0
guilhermejccavalcanti/genson;15;0;0;0;1;0;0;0;0;0;0;0;0;0;0;0;0;0;0;0;0;0;0;0;0;0;0;57;1;0;0;0;0;0;0;0;0;0;0;0;0;0;0;0;0;0;0;0;0;0
guilhermejccavalcanti/solo;289;0;0;0;2;1;0;0;0;0;0;0;0;0;0;0;5127769261;396349583;9424180669;0;0;0;0;0;0;0;0;1432;2;10;1;0;0;0;0;0;0;0;0;0;0;0;0;0;0;0;0;0;0;0
guilhermejccavalcanti/coveralls-maven-plugin;22;0;0;0;5;1;0;1;0;0;0;0;0;0;0;1;27031005023;1171529983;26245782608;0;0;0;0;0;0;0;0;102;6;18;1;0;0;0;0;0;0;0;1;0;0;0;0;0;0;0;0;0;0;0
guilhermejccavalcanti/chassis;6;0;0;0;0;0;0;0;0;0;0;0;0;0;0;0;0;0;0;0;0;0;0;0;0;0;0;44;0;0;0;0;0;0;0;0;0;0;0;0;0;0;0;0;0;0;0;0;0;0
guilhermejccavalcanti/blueprints;136;8;7;6;35;10;8;10;2;1;2;1;7;20;4;26;179164304991;8689948007;184057644409;1173;4;0;0;0;0;1;1;2273;75;200;24;19;13;12;8;7;6;6;2;0;4;0;5;0;0;1;1;0;1;0
guilhermejccavalcanti/meteo;1;0;0;0;0;0;0;0;0;0;0;0;0;0;0;0;0;0;0;0;0;0;0;0;0;0;0;3;0;0;0;0;0;0;0;0;0;0;0;0;0;0;0;0;0;0;0;0;0;0
guilhermejccavalcanti/DiskLruCache;21;0;0;0;3;0;0;0;0;0;0;0;0;0;0;0;37012722926;851817028;29614830917;0;0;0;0;0;0;0;0;38;4;15;0;0;0;0;0;0;0;0;0;0;0;0;0;0;0;0;0;0;0;0
guilhermejccavalcanti/cloud-slang;590;22;22;19;77;31;22;27;14;5;3;6;3;44;26;81;720670759089;38960394581;787881035268;6216;0;0;0;0;6;1;1;10899;308;631;74;38;41;35;20;22;19;8;7;0;5;0;8;0;6;1;1;3;1;1
guilhermejccavalcanti/jimfs;8;0;0;0;0;0;0;0;0;0;0;0;0;0;0;0;0;0;0;0;0;0;0;0;0;0;0;12;0;0;0;0;0;0;0;0;0;0;0;0;0;0;0;0;0;0;0;0;0;0
guilhermejccavalcanti/weixin-java-tools;27;0;0;0;5;0;0;0;0;0;0;0;0;0;0;0;51375995253;1022222127;45718272718;0;0;0;0;0;0;0;0;207;5;21;0;0;0;0;0;0;0;0;0;0;0;0;0;0;0;0;0;0;0;0
guilhermejccavalcanti/rxjava-jdbc;23;0;0;0;1;0;0;0;0;0;0;0;0;0;0;0;8416841847;187991905;5973144720;0;0;0;0;0;0;0;0;108;1;4;0;0;0;0;0;0;0;0;0;0;0;0;0;0;0;0;0;0;0;0
guilhermejccavalcanti/UML-Designer;3;0;0;0;0;0;0;0;0;0;0;0;0;0;0;0;0;0;0;0;0;0;0;0;0;0;0;0;0;0;0;0;0;0;0;0;0;0;0;0;0;0;0;0;0;0;0;0;0;0
guilhermejccavalcanti/http-request;3;0;0;0;0;0;0;0;0;0;0;0;0;0;0;0;0;0;0;0;0;0;0;0;0;0;0;2;0;0;0;0;0;0;0;0;0;0;0;0;0;0;0;0;0;0;0;0;0;0
guilhermejccavalcanti/memoryfilesystem;29;0;0;0;4;0;0;1;0;0;0;0;0;0;0;1;55684329140;1056613548;47853962258;0;0;0;0;0;0;0;0;140;6;22;0;0;0;0;0;0;0;0;1;0;0;0;0;0;0;0;0;0;0;0
guilhermejccavalcanti/iban4j;8;0;0;0;0;0;0;0;0;0;0;0;0;0;0;0;0;0;0;0;0;0;0;0;0;0;0;19;0;0;0;0;0;0;0;0;0;0;0;0;0;0;0;0;0;0;0;0;0;0
guilhermejccavalcanti/jackdaw;2;0;0;0;0;0;0;0;0;0;0;0;0;0;0;0;0;0;0;0;0;0;0;0;0;0;0;0;0;0;0;0;0;0;0;0;0;0;0;0;0;0;0;0;0;0;0;0;0;0
guilhermejccavalcanti/GoogleAuth;18;0;0;0;0;0;0;0;0;0;0;0;0;0;0;0;0;0;0;0;0;0;0;0;0;0;0;32;0;0;0;0;0;0;0;0;0;0;0;0;0;0;0;0;0;0;0;0;0;0
guilhermejccavalcanti/aalto-xml;2;0;0;0;0;0;0;0;0;0;0;0;0;0;0;0;0;0;0;0;0;0;0;0;0;0;0;18;0;0;0;0;0;0;0;0;0;0;0;0;0;0;0;0;0;0;0;0;0;0
guilhermejccavalcanti/gwtbootstrap3;155;0;0;0;3;0;0;1;0;0;0;0;0;0;0;1;17527358023;764006708;14606956411;0;0;0;0;0;0;0;0;872;4;19;0;0;0;0;0;0;0;0;1;0;0;0;0;0;0;0;0;0;0;0
guilhermejccavalcanti/petri;15;0;0;0;0;0;0;0;0;0;0;0;0;0;0;0;0;0;0;0;0;0;0;0;0;0;0;239;0;0;0;0;0;0;0;0;0;0;0;0;0;0;0;0;0;0;0;0;0;0
guilhermejccavalcanti/cryptomator;115;0;0;0;11;1;0;1;0;0;0;0;0;0;0;3;16272878196;925502726;17043597728;0;0;0;0;0;0;0;0;2671;38;15;1;0;0;0;0;0;0;0;1;0;0;0;0;0;0;0;0;0;0;0
guilhermejccavalcanti/pay-me;1;0;0;0;0;0;0;0;0;0;0;0;0;0;0;0;0;0;0;0;0;0;0;0;0;0;0;1;0;0;0;0;0;0;0;0;0;0;0;0;0;0;0;0;0;0;0;0;0;0
guilhermejccavalcanti/acs-aem-commons;509;18;18;18;74;22;17;25;17;2;4;3;7;107;104;141;377525502620;18240834908;376497398415;1246;1;0;0;1;1;0;0;12715;269;317;97;104;100;97;17;17;17;1;7;1;1;1;1;1;1;0;0;1;0;0
guilhermejccavalcanti/expiringmap;7;0;0;0;0;0;0;0;0;0;0;0;0;0;0;0;0;0;0;0;0;0;0;0;0;0;0;11;0;0;0;0;0;0;0;0;0;0;0;0;0;0;0;0;0;0;0;0;0;0
guilhermejccavalcanti/OpenID-Connect-Java-Spring-Server;26;0;0;0;2;1;0;0;0;0;0;0;0;0;0;0;8141249330;373154742;7966881303;0;0;0;0;0;0;0;0;1190;9;7;1;0;0;0;0;0;0;0;0;0;0;0;0;0;0;0;0;0;0;0
guilhermejccavalcanti/pinpoint;1341;10;10;10;38;20;10;12;10;2;1;3;1;26;21;37;379498460213;17612484643;428718956247;0;0;0;0;0;0;0;0;50735;294;466;67;23;25;22;10;10;10;0;3;0;0;0;0;0;0;0;0;0;0;0
guilhermejccavalcanti/LegacyLauncher;6;0;0;0;0;0;0;0;0;0;0;0;0;0;0;0;0;0;0;0;0;0;0;0;0;0;0;10;0;0;0;0;0;0;0;0;0;0;0;0;0;0;0;0;0;0;0;0;0;0
guilhermejccavalcanti/accumulo;459;62;62;59;206;90;61;82;50;8;3;12;3;319;272;469;6832459755782;198274929106;7403151796101;10241;8;1;0;0;4;0;0;335790;3081;6080;564;307;316;304;58;61;58;12;23;1;9;1;12;1;4;0;0;2;0;0
guilhermejccavalcanti/m2e-android;19;0;0;0;3;1;0;0;0;0;0;0;0;0;0;0;19135186942;795141313;17865639785;0;0;0;0;0;0;0;0;90;4;7;1;0;0;0;0;0;0;0;0;0;0;0;0;0;0;0;0;0;0;0
guilhermejccavalcanti/jumblr;29;2;2;1;4;3;2;2;1;1;0;2;0;4;2;5;25415315518;1559759177;21814120232;111;0;0;0;0;1;0;0;143;9;20;6;2;4;2;1;2;1;1;0;0;0;0;1;0;1;0;0;0;0;0
guilhermejccavalcanti/moshi;132;0;0;0;9;0;0;0;0;0;0;0;0;0;0;0;65236420122;1996543075;55871185031;0;0;0;0;0;0;0;0;558;12;32;0;0;0;0;0;0;0;0;0;0;0;0;0;0;0;0;0;0;0;0
guilhermejccavalcanti/fragmentargs;16;0;0;0;1;0;0;0;0;0;0;0;0;0;0;0;6604440032;212996397;7094855932;0;0;0;0;0;0;0;0;10;1;2;0;0;0;0;0;0;0;0;0;0;0;0;0;0;0;0;0;0;0;0
guilhermejccavalcanti/frames;34;0;0;0;3;0;0;1;0;0;0;0;0;0;0;1;11096538467;699529168;10636645091;0;0;0;0;0;0;0;0;190;5;3;0;0;0;0;0;0;0;0;1;0;0;0;0;0;0;0;0;0;0;0
guilhermejccavalcanti/Activiti;10;0;0;0;1;0;0;0;0;0;0;0;0;0;0;0;0;0;0;0;0;0;0;0;0;0;0;7077;63;0;0;0;0;0;0;0;0;0;0;0;0;0;0;0;0;0;0;0;0;0
guilhermejccavalcanti/innerbuilder;8;0;0;0;0;0;0;0;0;0;0;0;0;0;0;0;0;0;0;0;0;0;0;0;0;0;0;29;0;0;0;0;0;0;0;0;0;0;0;0;0;0;0;0;0;0;0;0;0;0
guilhermejccavalcanti/openwayback;118;0;0;0;2;1;0;0;0;0;0;0;0;0;0;0;11112669140;399555675;10640847403;0;0;0;0;0;0;0;0;1573;3;24;1;0;0;0;0;0;0;0;0;0;0;0;0;0;0;0;0;0;0;0
guilhermejccavalcanti/xtreemfs;160;5;5;5;21;15;5;6;5;0;1;0;6;31;59;280;1542474966273;15095961025;1055930980852;0;0;0;0;0;0;0;0;5918;71;271;53;31;25;25;5;5;5;0;2;0;0;0;0;0;0;0;0;0;0;0
guilhermejccavalcanti/jackson-jr;21;2;2;2;3;2;2;2;1;0;0;0;0;5;1;6;13499815196;542594546;11171459775;0;0;0;0;0;0;0;0;267;3;4;3;5;5;5;2;2;2;1;0;0;1;0;1;0;0;0;0;0;0;0
guilhermejccavalcanti/distributedlog;10;0;0;0;0;0;0;0;0;0;0;0;0;0;0;0;0;0;0;0;0;0;0;0;0;0;0;24;0;0;0;0;0;0;0;0;0;0;0;0;0;0;0;0;0;0;0;0;0;0
guilhermejccavalcanti/camel-cookbook-examples;10;0;0;0;2;0;0;0;0;0;0;0;0;0;0;0;6732333328;1058326083;9134332998;0;0;0;0;0;0;0;0;1554;500;3;0;0;0;0;0;0;0;0;0;0;0;0;0;0;0;0;0;0;0;0
guilhermejccavalcanti/jasmine-maven-plugin;44;1;1;1;3;1;1;1;1;0;0;0;0;1;1;1;8404555649;455821273;6696514217;0;0;0;0;0;0;0;0;433;5;4;1;1;1;1;1;1;1;0;0;0;0;0;0;0;0;0;0;0;0;0
guilhermejccavalcanti/android-maven-plugin;269;6;6;6;55;19;6;7;5;0;2;0;7;18;10;33;594240013783;18796206514;573787731049;38;1;0;0;0;0;0;0;3759;97;346;32;18;11;11;6;6;6;1;1;0;1;0;1;0;0;0;0;0;0;0
guilhermejccavalcanti/lorsource;319;1;1;1;12;3;1;2;1;0;0;0;0;1;1;2;39018103316;2140645592;41897042545;0;0;0;0;0;0;0;0;1661;28;19;3;1;1;1;1;1;1;0;1;0;0;0;0;0;0;0;0;0;0;0
guilhermejccavalcanti/riak-java-client;188;10;10;10;27;12;10;13;7;0;2;0;2;32;23;52;280420798617;15179063031;278363942870;194;3;0;0;0;0;0;0;4686;152;264;40;32;30;30;10;10;10;3;3;0;3;0;3;0;0;0;0;0;0;0
guilhermejccavalcanti/esperandro;13;1;1;1;6;1;1;2;1;0;0;0;0;1;1;4;30012220320;4224228547;41219809732;0;0;0;0;0;0;0;0;74;26;24;1;1;1;1;1;1;1;0;1;0;0;0;0;0;0;0;0;0;0;0
guilhermejccavalcanti/super-csv;30;0;0;0;1;0;0;0;0;0;0;0;0;0;0;0;0;0;0;0;0;0;0;0;0;0;0;578;28;0;0;0;0;0;0;0;0;0;0;0;0;0;0;0;0;0;0;0;0;0
guilhermejccavalcanti/arara;15;0;0;0;0;0;0;0;0;0;0;0;0;0;0;0;0;0;0;0;0;0;0;0;0;0;0;10;0;0;0;0;0;0;0;0;0;0;0;0;0;0;0;0;0;0;0;0;0;0
guilhermejccavalcanti/incubator-samoa;2;0;0;0;0;0;0;0;0;0;0;0;0;0;0;0;0;0;0;0;0;0;0;0;0;0;0;312;0;0;0;0;0;0;0;0;0;0;0;0;0;0;0;0;0;0;0;0;0;0
guilhermejccavalcanti/metrics;156;4;4;4;15;6;4;7;4;0;0;0;0;8;7;14;93998066618;5052240817;88811147034;0;0;0;0;0;0;0;0;1970;27;86;11;8;8;8;4;4;4;0;3;0;0;0;0;0;0;0;0;0;0;0
guilhermejccavalcanti/elasticsearch-entity-resolution;18;1;1;1;1;0;1;1;1;0;0;0;0;1;1;1;726387235;164052914;1213734671;0;0;0;0;0;0;0;0;46;1;1;0;1;1;1;1;1;1;0;0;0;0;0;0;0;0;0;0;0;0;0
guilhermejccavalcanti/vraptor4;559;4;4;4;30;6;4;5;3;0;1;0;1;9;8;12;168853428421;12974560955;178366131092;60;1;0;0;0;0;0;0;6835;80;134;10;9;8;8;4;4;4;1;1;0;1;0;1;0;0;0;0;0;0;0
guilhermejccavalcanti/playn;13;0;0;0;1;0;0;0;0;0;0;0;0;0;0;0;6407684103;353028051;6038758277;0;0;0;0;0;0;0;0;77;2;4;0;0;0;0;0;0;0;0;0;0;0;0;0;0;0;0;0;0;0;0
guilhermejccavalcanti/mamute;122;1;1;1;3;1;1;1;0;0;0;0;0;1;0;2;22261607386;780359141;17932723395;37;1;0;0;0;0;0;0;1137;4;10;1;1;1;1;1;1;1;1;0;0;1;0;1;0;0;0;0;0;0;0
guilhermejccavalcanti/geometry-api-java;35;0;0;0;2;0;0;0;0;0;0;0;0;0;0;0;13058678676;538140781;10782328385;0;0;0;0;0;0;0;0;1281;4;7;0;0;0;0;0;0;0;0;0;0;0;0;0;0;0;0;0;0;0;0
guilhermejccavalcanti/jzy3d-api;19;2;2;2;3;1;2;1;2;0;1;0;2;30;4;29;38888970399;750563757;27073803229;0;0;0;0;0;0;0;0;887;18;142;24;30;28;28;2;2;2;0;0;0;0;0;0;0;0;0;0;0;0;0
guilhermejccavalcanti/rexster;60;3;3;3;14;3;3;5;2;0;0;0;0;3;4;8;90203285381;4834923336;97658725566;91;1;0;0;0;0;0;0;1035;42;51;4;3;3;3;3;3;3;1;3;0;1;0;1;0;0;0;0;0;0;0
guilhermejccavalcanti/jbehave-core;1;0;0;0;0;0;0;0;0;0;0;0;0;0;0;0;0;0;0;0;0;0;0;0;0;0;0;0;0;0;0;0;0;0;0;0;0;0;0;0;0;0;0;0;0;0;0;0;0;0
guilhermejccavalcanti/keywhiz;271;0;0;0;3;0;0;0;0;0;0;0;0;0;0;0;19182117255;741322504;19710895550;0;0;0;0;0;0;0;0;2517;4;20;0;0;0;0;0;0;0;0;0;0;0;0;0;0;0;0;0;0;0;0
guilhermejccavalcanti/objectify;12;0;0;0;1;0;0;0;0;0;0;0;0;0;0;0;0;0;0;0;0;0;0;0;0;0;0;61;3;0;0;0;0;0;0;0;0;0;0;0;0;0;0;0;0;0;0;0;0;0
guilhermejccavalcanti/joda-time;71;0;0;0;1;0;0;0;0;0;0;0;0;0;0;0;0;0;0;0;0;0;0;0;0;0;0;267;1;0;0;0;0;0;0;0;0;0;0;0;0;0;0;0;0;0;0;0;0;0
guilhermejccavalcanti/psi-probe;434;0;0;0;2;0;0;0;0;0;0;0;0;0;0;0;0;0;0;0;0;0;0;0;0;0;0;4807;2;0;0;0;0;0;0;0;0;0;0;0;0;0;0;0;0;0;0;0;0;0
guilhermejccavalcanti/Spout;39;3;3;3;5;3;3;5;1;1;0;2;0;13;6;38;347348019096;10403808093;291943208922;58;2;0;0;0;0;0;0;2368;67;328;13;11;13;11;3;3;3;2;2;0;2;0;2;0;0;0;0;0;0;0
guilhermejccavalcanti/stream-lib;43;2;2;2;7;2;2;2;2;0;0;0;0;5;5;6;86970108124;2110414111;87374787788;0;0;0;0;0;0;0;0;209;10;77;6;5;5;5;2;2;2;0;0;0;0;0;0;0;0;0;0;0;0;0
guilhermejccavalcanti/Ektorp;85;0;0;0;9;1;0;2;0;0;0;0;0;0;0;2;38974225078;1158084559;30279842781;0;0;0;0;0;0;0;0;463;13;12;1;0;0;0;0;0;0;0;2;0;0;0;0;0;0;0;0;0;0;0
guilhermejccavalcanti/xembly;6;0;0;0;1;0;0;0;0;0;0;0;0;0;0;0;5298711287;893893980;7386698829;0;0;0;0;0;0;0;0;150;5;7;0;0;0;0;0;0;0;0;0;0;0;0;0;0;0;0;0;0;0;0
guilhermejccavalcanti/jetcd;3;0;0;0;0;0;0;0;0;0;0;0;0;0;0;0;0;0;0;0;0;0;0;0;0;0;0;3;0;0;0;0;0;0;0;0;0;0;0;0;0;0;0;0;0;0;0;0;0;0
guilhermejccavalcanti/IconicDroid;2;0;0;0;0;0;0;0;0;0;0;0;0;0;0;0;0;0;0;0;0;0;0;0;0;0;0;1;0;0;0;0;0;0;0;0;0;0;0;0;0;0;0;0;0;0;0;0;0;0
guilhermejccavalcanti/buji-pac4j;27;0;0;0;1;0;0;0;0;0;0;0;0;0;0;0;0;0;0;0;0;0;0;0;0;0;0;79;1;0;0;0;0;0;0;0;0;0;0;0;0;0;0;0;0;0;0;0;0;0
guilhermejccavalcanti/humanize;3;0;0;0;0;0;0;0;0;0;0;0;0;0;0;0;0;0;0;0;0;0;0;0;0;0;0;10;0;0;0;0;0;0;0;0;0;0;0;0;0;0;0;0;0;0;0;0;0;0
guilhermejccavalcanti/twilio-java;158;2;2;2;24;3;2;6;1;0;0;0;0;2;1;43;135808297842;8168632562;135720405263;178;0;0;0;0;1;0;0;10221;623;120;3;2;2;2;2;2;2;1;4;0;1;0;1;0;1;0;0;1;0;0
guilhermejccavalcanti/jmock-library;17;1;1;1;1;1;1;0;1;0;0;0;0;1;1;0;1741506531;166496918;2017943109;0;0;0;0;0;0;0;0;132;1;1;1;1;1;1;1;1;1;0;0;0;0;0;0;0;0;0;0;0;0;0
guilhermejccavalcanti/java-apns;42;1;1;1;12;4;1;3;1;1;0;2;0;6;5;12;69729223100;3648193951;63920002018;0;0;0;0;0;0;0;0;346;21;44;10;4;6;4;1;1;1;0;2;0;0;0;0;0;0;0;0;0;0;0
guilhermejccavalcanti/Achilles;39;4;3;3;5;5;4;5;2;0;3;0;7;16;3;52;174632764104;8490180220;178220992145;106;2;0;0;0;0;0;0;1729;72;334;19;16;9;9;4;3;3;2;1;0;1;0;1;0;0;0;0;0;0;0
guilhermejccavalcanti/jpush-api-java-client;79;1;1;1;2;1;1;1;1;0;0;0;0;1;1;2;22248293108;1140503628;21503752759;0;0;0;0;0;0;0;0;547;68;4;1;1;1;1;1;1;1;0;0;0;0;0;0;0;0;0;0;0;0;0
guilhermejccavalcanti/greenmail;16;0;0;0;1;0;0;1;0;0;0;0;0;0;0;1;10044627036;410934118;9241106774;0;0;0;0;0;0;0;0;214;2;14;0;0;0;0;0;0;0;0;1;0;0;0;0;0;0;0;0;0;0;0
guilhermejccavalcanti/osgi-jax-rs-connector;22;0;0;0;0;0;0;0;0;0;0;0;0;0;0;0;0;0;0;0;0;0;0;0;0;0;0;131;0;0;0;0;0;0;0;0;0;0;0;0;0;0;0;0;0;0;0;0;0;0
guilhermejccavalcanti/JavaFastPFOR;21;1;1;1;1;1;1;1;1;0;0;0;0;11;3;7;5454861539;375496061;12363431305;0;0;0;0;0;0;0;0;72;3;16;10;11;11;11;1;1;1;0;0;0;0;0;0;0;0;0;0;0;0;0
guilhermejccavalcanti/docker-client;267;1;1;1;56;3;0;0;1;0;0;0;0;0;40;0;1697884691738;20356671164;1535083969880;189;1;0;0;0;0;0;0;2120;72;221;7;0;0;0;0;0;0;0;0;1;0;1;0;1;0;0;0;0;0;0
guilhermejccavalcanti/resty-gwt;92;3;3;3;19;7;2;4;3;0;0;0;0;2;4;4;110755900859;3710438113;110936468579;1403;0;1;0;0;0;0;0;1339;24;76;9;2;2;2;2;2;2;0;2;1;0;1;0;1;0;0;0;0;0;0
guilhermejccavalcanti/geo;9;0;0;0;0;0;0;0;0;0;0;0;0;0;0;0;0;0;0;0;0;0;0;0;0;0;0;21;0;0;0;0;0;0;0;0;0;0;0;0;0;0;0;0;0;0;0;0;0;0
guilhermejccavalcanti/docker-maven-plugin;28;0;0;0;1;0;0;0;0;0;0;0;0;0;0;0;5131563003;199712422;5407895042;0;0;0;0;0;0;0;0;30;1;1;0;0;0;0;0;0;0;0;0;0;0;0;0;0;0;0;0;0;0;0
guilhermejccavalcanti/sardine;48;3;2;2;7;3;3;3;1;0;1;0;1;4;3;5;69791024981;1654857279;62259125657;85;1;0;0;0;0;0;1;278;22;46;3;4;3;3;3;2;2;2;0;0;1;0;1;0;0;0;0;0;0;0
guilhermejccavalcanti/barge;38;2;2;2;4;3;2;2;1;0;0;0;0;9;8;14;46381227511;3209583701;54204356714;229;0;0;0;0;0;0;1;460;25;84;26;9;9;9;2;2;2;1;1;0;1;0;1;0;0;0;1;0;0;1
guilhermejccavalcanti/mustache-spring-view;3;0;0;0;0;0;0;0;0;0;0;0;0;0;0;0;0;0;0;0;0;0;0;0;0;0;0;9;0;0;0;0;0;0;0;0;0;0;0;0;0;0;0;0;0;0;0;0;0;0
guilhermejccavalcanti/jackson-datatype-joda;29;1;1;1;5;2;1;2;1;0;1;0;1;3;2;5;14301911183;917895448;14476040441;0;0;0;0;0;0;0;0;281;5;23;5;3;2;2;1;1;1;0;1;0;0;0;0;0;0;0;0;0;0;0
guilhermejccavalcanti/epubcheck;82;0;0;0;0;0;0;0;0;0;0;0;0;0;0;0;0;0;0;0;0;0;0;0;0;0;0;525;0;0;0;0;0;0;0;0;0;0;0;0;0;0;0;0;0;0;0;0;0;0
guilhermejccavalcanti/openpnp;301;16;13;13;52;21;16;21;8;0;7;0;14;53;14;56;344652336556;12183012659;396711234532;614;8;0;0;0;0;0;0;4670;79;177;41;53;39;39;16;13;13;8;5;0;5;0;5;0;0;0;0;0;0;0
guilhermejccavalcanti/openstack-java-sdk;61;1;1;1;7;1;1;1;1;0;0;0;0;2;2;3;65157818276;972968426;54061275467;0;0;0;0;0;0;0;0;535;18;9;2;2;2;2;1;1;1;0;0;0;0;0;0;0;0;0;0;0;0;0
guilhermejccavalcanti/jackson-core;146;10;10;10;53;14;10;16;6;0;0;0;0;15;9;24;493598752504;14884390445;435004627278;580;2;0;0;0;2;0;0;4614;94;700;30;15;15;15;10;10;10;4;8;0;4;0;4;0;2;0;0;2;0;0
guilhermejccavalcanti/GlobalPlatformPro;5;0;0;0;0;0;0;0;0;0;0;0;0;0;0;0;0;0;0;0;0;0;0;0;0;0;0;6;0;0;0;0;0;0;0;0;0;0;0;0;0;0;0;0;0;0;0;0;0;0
guilhermejccavalcanti/neo4j-timetree;33;2;2;2;11;3;2;4;2;0;0;0;0;3;4;29;71698821827;4609343200;78470617365;0;0;0;0;0;0;0;0;169;30;110;4;3;3;3;2;2;2;0;2;0;0;0;0;0;0;0;0;0;0;0
guilhermejccavalcanti/webmagic;104;6;6;6;16;9;6;8;6;0;1;0;1;16;17;23;69060151183;4627759824;72811208272;0;0;0;0;0;0;0;0;1578;90;89;15;16;15;15;6;6;6;0;2;0;0;0;0;0;0;0;0;0;0;0
guilhermejccavalcanti/Eclipse-Markdown-Editor-Plugin;15;0;0;0;0;0;0;0;0;0;0;0;0;0;0;0;0;0;0;0;0;0;0;0;0;0;0;26;0;0;0;0;0;0;0;0;0;0;0;0;0;0;0;0;0;0;0;0;0;0
guilhermejccavalcanti/okio;141;0;0;0;12;0;0;0;0;0;0;0;0;0;0;0;100534019208;4008592673;90701407170;0;0;0;0;0;0;0;0;541;23;67;0;0;0;0;0;0;0;0;0;0;0;0;0;0;0;0;0;0;0;0
guilhermejccavalcanti/structr;374;9;8;8;60;16;8;12;6;0;2;0;6;16;8;24;898277731866;29134213299;1262239398260;164;4;0;0;0;0;0;0;14746;176;354;21;16;10;10;8;7;7;3;4;1;2;1;2;1;0;0;0;0;0;0
guilhermejccavalcanti/geoip-api-java;17;1;1;1;2;1;1;1;1;0;0;0;0;1;2;1;39649993087;426629004;85277326095;0;0;0;0;0;0;0;0;33;2;6;1;1;1;1;1;1;1;0;0;0;0;0;0;0;0;0;0;0;0;0
guilhermejccavalcanti/spring;101;0;0;0;2;0;0;0;0;0;0;0;0;0;0;0;8071370983;717961881;8448226675;0;0;0;0;0;0;0;0;614;4;4;0;0;0;0;0;0;0;0;0;0;0;0;0;0;0;0;0;0;0;0
guilhermejccavalcanti/sqlite-jdbc;124;0;0;0;9;0;0;0;0;0;0;0;0;0;0;0;134181086733;3364301646;90462387177;0;0;0;0;0;0;0;0;281;10;28;0;0;0;0;0;0;0;0;0;0;0;0;0;0;0;0;0;0;0;0
guilhermejccavalcanti/supernode;20;0;0;0;0;0;0;0;0;0;0;0;0;0;0;0;0;0;0;0;0;0;0;0;0;0;0;187;0;0;0;0;0;0;0;0;0;0;0;0;0;0;0;0;0;0;0;0;0;0
guilhermejccavalcanti/parseq;50;1;1;1;3;1;1;0;1;0;0;0;0;1;1;0;6990663796;371684380;6298166626;0;0;0;0;0;0;0;0;1422;5;5;1;1;1;1;1;1;1;0;0;0;0;0;0;0;0;0;0;0;0;0
guilhermejccavalcanti/RustyCage;3;0;0;0;0;0;0;0;0;0;0;0;0;0;0;0;0;0;0;0;0;0;0;0;0;0;0;0;0;0;0;0;0;0;0;0;0;0;0;0;0;0;0;0;0;0;0;0;0;0
guilhermejccavalcanti/mockserver;30;0;0;0;0;0;0;0;0;0;0;0;0;0;0;0;0;0;0;0;0;0;0;0;0;0;0;321;0;0;0;0;0;0;0;0;0;0;0;0;0;0;0;0;0;0;0;0;0;0
guilhermejccavalcanti/vertigo;3;0;0;0;1;0;0;0;0;0;0;0;0;0;0;0;8453543975;375421213;6715046831;0;0;0;0;0;0;0;0;104;2;17;0;0;0;0;0;0;0;0;0;0;0;0;0;0;0;0;0;0;0;0
guilhermejccavalcanti/jackson-datatype-hibernate;16;1;1;1;2;1;1;1;1;0;0;0;0;2;10;3;11973397722;888304504;11200304713;0;0;0;0;0;0;0;0;164;5;19;2;2;2;2;1;1;1;0;0;0;0;0;0;0;0;0;0;0;0;0
guilhermejccavalcanti/androrm;2;0;0;0;0;0;0;0;0;0;0;0;0;0;0;0;0;0;0;0;0;0;0;0;0;0;0;134;0;0;0;0;0;0;0;0;0;0;0;0;0;0;0;0;0;0;0;0;0;0
guilhermejccavalcanti/graphify;3;0;0;0;0;0;0;0;0;0;0;0;0;0;0;0;0;0;0;0;0;0;0;0;0;0;0;17;0;0;0;0;0;0;0;0;0;0;0;0;0;0;0;0;0;0;0;0;0;0
guilhermejccavalcanti/cloudhopper-smpp;17;0;0;0;1;0;0;0;0;0;0;0;0;0;0;0;4014363085;357492332;4709003627;0;0;0;0;0;0;0;0;310;2;0;0;0;0;0;0;0;0;0;0;0;0;0;0;0;0;0;0;0;0;0
guilhermejccavalcanti/leveldb;2;0;0;0;0;0;0;0;0;0;0;0;0;0;0;0;0;0;0;0;0;0;0;0;0;0;0;6;0;0;0;0;0;0;0;0;0;0;0;0;0;0;0;0;0;0;0;0;0;0
guilhermejccavalcanti/google-oauth-java-client;8;0;0;0;1;0;0;0;0;0;0;0;0;0;0;0;0;0;0;0;0;0;0;0;0;0;0;22;2;0;0;0;0;0;0;0;0;0;0;0;0;0;0;0;0;0;0;0;0;0
guilhermejccavalcanti/jarchivelib;3;0;0;0;0;0;0;0;0;0;0;0;0;0;0;0;0;0;0;0;0;0;0;0;0;0;0;12;0;0;0;0;0;0;0;0;0;0;0;0;0;0;0;0;0;0;0;0;0;0
guilhermejccavalcanti/zt-zip;26;0;0;0;1;0;0;0;0;0;0;0;0;0;0;0;0;0;0;0;0;0;0;0;0;0;0;141;17;0;0;0;0;0;0;0;0;0;0;0;0;0;0;0;0;0;0;0;0;0
guilhermejccavalcanti/digitalocean-api-java;16;0;0;0;2;1;0;0;0;0;0;0;0;0;0;0;17307468803;218344628;13492429990;0;0;0;0;0;0;0;0;285;44;10;1;0;0;0;0;0;0;0;0;0;0;0;0;0;0;0;0;0;0;0
guilhermejccavalcanti/dagger;213;0;0;0;9;2;0;0;0;0;0;0;0;0;0;0;47875037223;2380976977;54127031603;0;0;0;0;0;0;0;0;1051;12;38;3;0;0;0;0;0;0;0;0;0;0;0;0;0;0;0;0;0;0;0
guilhermejccavalcanti/jsoup;57;4;4;4;18;5;4;6;3;0;0;0;0;6;7;17;324220391237;10071068799;250166735070;71;0;0;0;0;1;0;0;706;53;216;8;6;6;6;4;4;4;1;2;0;1;0;1;0;1;0;0;1;0;0
guilhermejccavalcanti/kafka-spout;9;0;0;0;0;0;0;0;0;0;0;0;0;0;0;0;0;0;0;0;0;0;0;0;0;0;0;33;0;0;0;0;0;0;0;0;0;0;0;0;0;0;0;0;0;0;0;0;0;0
guilhermejccavalcanti/opensmpp;4;0;0;0;0;0;0;0;0;0;0;0;0;0;0;0;0;0;0;0;0;0;0;0;0;0;0;11;0;0;0;0;0;0;0;0;0;0;0;0;0;0;0;0;0;0;0;0;0;0
guilhermejccavalcanti/antlr4;519;4;4;4;19;4;3;3;4;0;1;0;5;20;20;23;166460462147;5515717309;168532928637;182;1;0;0;0;0;0;0;17647;53;144;14;20;15;15;3;3;3;0;0;1;0;1;0;1;0;0;0;0;0;0
guilhermejccavalcanti/urlbuilder;13;1;1;1;1;0;1;1;1;0;0;0;0;2;2;2;8595950040;395239852;8027175395;0;0;0;0;0;0;0;0;27;3;33;0;2;2;2;1;1;1;0;0;0;0;0;0;0;0;0;0;0;0;0
guilhermejccavalcanti/JsonPullParser;31;0;0;0;0;0;0;0;0;0;0;0;0;0;0;0;0;0;0;0;0;0;0;0;0;0;0;155;0;0;0;0;0;0;0;0;0;0;0;0;0;0;0;0;0;0;0;0;0;0
guilhermejccavalcanti/jjwt;66;0;0;0;3;3;0;2;0;0;0;0;0;0;0;3;16379196717;757513488;18794901614;0;0;0;0;0;0;0;0;293;4;3;3;0;0;0;0;0;0;0;2;0;0;0;0;0;0;0;0;0;0;0
guilhermejccavalcanti/jmeter-plugins;173;8;8;8;22;8;8;10;5;0;0;0;0;9;13;16;82802918983;4595555078;87501280613;116;3;0;0;0;0;0;0;6235;480;62;10;9;9;9;8;8;8;3;2;0;3;0;3;0;0;0;0;0;0;0
guilhermejccavalcanti/tephra;89;1;1;1;7;1;1;0;1;0;0;0;0;1;1;0;107324909016;2673585986;145327274461;0;0;0;0;0;0;0;0;933;13;59;1;1;1;1;1;1;1;0;0;0;0;0;0;0;0;0;0;0;0;0
guilhermejccavalcanti/spring-comparing-template-engines;10;0;0;0;0;0;0;0;0;0;0;0;0;0;0;0;0;0;0;0;0;0;0;0;0;0;0;3;0;0;0;0;0;0;0;0;0;0;0;0;0;0;0;0;0;0;0;0;0;0
guilhermejccavalcanti/pushy;185;18;18;18;49;23;17;21;16;1;0;1;0;37;27;56;337929205539;13414974366;309357870901;1044;2;1;0;0;0;0;0;1280;80;423;56;36;37;36;17;17;17;2;4;1;2;1;2;1;0;0;0;0;0;0
guilhermejccavalcanti/jedis;238;26;26;25;76;28;26;35;20;3;5;4;21;194;124;148;2755087758028;52860433518;1743590288809;1615;0;0;0;0;0;5;1;4292;277;5397;200;190;173;169;26;26;25;6;9;0;5;0;6;0;0;5;1;0;4;1
guilhermejccavalcanti/storm;488;5;4;3;36;6;5;5;3;2;3;2;5;15;8;29;512549991763;10445995460;393158466221;910;2;0;0;0;0;0;0;37641;102;220;23;13;10;8;4;4;3;2;0;0;0;0;1;0;0;0;0;0;0;0
guilhermejccavalcanti/AndroidImageLoader;2;0;0;0;0;0;0;0;0;0;0;0;0;0;0;0;0;0;0;0;0;0;0;0;0;0;0;1;0;0;0;0;0;0;0;0;0;0;0;0;0;0;0;0;0;0;0;0;0;0
guilhermejccavalcanti/springmvc-router;24;0;0;0;0;0;0;0;0;0;0;0;0;0;0;0;0;0;0;0;0;0;0;0;0;0;0;48;0;0;0;0;0;0;0;0;0;0;0;0;0;0;0;0;0;0;0;0;0;0
guilhermejccavalcanti/stateless4j;18;2;2;2;4;3;2;3;2;1;0;1;0;13;10;21;37671420343;3040542566;39651606339;0;0;0;0;0;0;0;0;179;17;149;12;12;13;12;2;2;2;0;1;0;0;0;0;0;0;0;0;0;0;0
guilhermejccavalcanti/helios;96;0;0;0;4;0;0;0;0;0;0;0;0;0;0;0;29876332864;1015753030;28841825437;0;0;0;0;0;0;0;0;508;5;11;0;0;0;0;0;0;0;0;0;0;0;0;0;0;0;0;0;0;0;0
guilhermejccavalcanti/neo4j-framework;97;12;12;12;23;8;12;16;11;0;0;0;0;23;25;47;267333637757;19778585984;305255598522;184;0;0;0;0;0;1;0;3413;143;248;25;23;23;23;12;12;12;1;4;0;1;0;1;0;0;1;0;0;1;0
guilhermejccavalcanti/japicmp;64;5;5;5;17;7;5;5;5;1;0;1;0;16;11;29;266645967703;12892276404;267762239736;0;0;0;0;0;0;0;0;1657;103;163;18;15;16;15;5;5;5;0;1;0;0;0;0;0;0;0;0;0;0;0
guilhermejccavalcanti/oryx;99;0;0;0;1;0;0;0;0;0;0;0;0;0;0;0;7417232487;189615674;7167434683;0;0;0;0;0;0;0;0;849;1;1;0;0;0;0;0;0;0;0;0;0;0;0;0;0;0;0;0;0;0;0
guilhermejccavalcanti/pgjdbc;164;1;1;1;29;8;1;1;1;0;0;0;0;1;1;1;505565543503;10614383373;405248505281;0;0;0;0;0;0;0;0;4147;65;205;11;1;1;1;1;1;1;0;0;0;0;0;0;0;0;0;0;0;0;0
guilhermejccavalcanti/protonpack;20;0;0;0;3;0;0;0;0;0;0;0;0;0;0;0;7706336321;595665805;8084488864;0;0;0;0;0;0;0;0;68;3;1;0;0;0;0;0;0;0;0;0;0;0;0;0;0;0;0;0;0;0;0
guilhermejccavalcanti/maven-git-commit-id-plugin;118;0;0;0;4;0;0;1;0;0;0;0;0;0;0;1;30661032858;1191842248;25526757390;0;0;0;0;0;0;0;0;397;6;6;0;0;0;0;0;0;0;0;1;0;0;0;0;0;0;0;0;0;0;0
guilhermejccavalcanti/twitter4j;5;0;0;0;0;0;0;0;0;0;0;0;0;0;0;0;0;0;0;0;0;0;0;0;0;0;0;84;0;0;0;0;0;0;0;0;0;0;0;0;0;0;0;0;0;0;0;0;0;0
guilhermejccavalcanti/ews-java-api;112;1;1;1;22;3;1;0;0;0;0;0;0;1;0;0;280122345848;11275287264;241744780972;163;0;0;0;0;1;0;0;10219;56;223;5;1;1;1;1;1;1;1;0;0;1;0;1;0;1;0;0;1;0;0
guilhermejccavalcanti/webbit;9;1;1;1;1;1;1;1;1;0;0;0;0;1;2;1;3119710113;190831181;3458192903;0;0;0;0;0;0;0;0;47;1;1;1;1;1;1;1;1;1;0;0;0;0;0;0;0;0;0;0;0;0;0
guilhermejccavalcanti/lambda-tutorial;1;0;0;0;0;0;0;0;0;0;0;0;0;0;0;0;0;0;0;0;0;0;0;0;0;0;0;0;0;0;0;0;0;0;0;0;0;0;0;0;0;0;0;0;0;0;0;0;0;0
guilhermejccavalcanti/wechat-mp-sdk;1;0;0;0;0;0;0;0;0;0;0;0;0;0;0;0;0;0;0;0;0;0;0;0;0;0;0;2;0;0;0;0;0;0;0;0;0;0;0;0;0;0;0;0;0;0;0;0;0;0
guilhermejccavalcanti/pipes;7;0;0;0;0;0;0;0;0;0;0;0;0;0;0;0;0;0;0;0;0;0;0;0;0;0;0;29;0;0;0;0;0;0;0;0;0;0;0;0;0;0;0;0;0;0;0;0;0;0
guilhermejccavalcanti/sql2o;18;0;0;0;2;0;0;0;0;0;0;0;0;0;0;0;9591204617;206965257;6861673459;0;0;0;0;0;0;0;0;56;2;1;0;0;0;0;0;0;0;0;0;0;0;0;0;0;0;0;0;0;0;0
guilhermejccavalcanti/editorconfig-netbeans;29;2;2;2;6;2;1;1;2;0;0;0;0;3;3;4;41327317140;3611009337;50494493876;90;0;1;0;0;0;0;0;187;20;35;2;3;3;3;1;1;1;0;0;1;0;1;0;1;0;0;0;0;0;0
guilhermejccavalcanti/raw4j;15;1;1;1;4;1;1;2;1;0;0;0;0;2;2;8;14842737839;1148374113;17074165716;0;0;0;0;0;0;0;0;131;42;26;3;2;2;2;1;1;1;0;1;0;0;0;0;0;0;0;0;0;0;0
guilhermejccavalcanti/crawler4j;42;1;1;1;3;1;1;1;1;0;0;0;0;5;1;6;15145985464;605623993;11545521972;0;0;0;0;0;0;0;0;165;3;22;1;5;5;5;1;1;1;0;0;0;0;0;0;0;0;0;0;0;0;0
guilhermejccavalcanti/java-driver;420;43;43;43;89;50;41;43;43;8;9;93;177;1315;673;1869;5067822059446;216180621546;4695508045084;169;2;0;0;0;0;0;0;27038;1251;8822;1296;1222;1138;1045;41;41;41;0;3;2;0;2;0;2;0;0;0;0;0;0
guilhermejccavalcanti/sonarqube;306;20;20;18;71;34;20;24;17;4;2;4;4;110;92;135;796109377420;35415731809;999424506643;2121;2;0;0;0;0;1;0;247357;272;919;168;106;106;102;18;20;18;3;5;0;1;0;3;0;0;1;0;0;0;0
guilhermejccavalcanti/elasticsearch-analysis-ik;9;1;1;1;3;1;1;1;0;0;1;0;3;4;0;8;20737828146;1150130876;21764303936;79;0;0;0;0;1;0;0;38;6;23;6;4;1;1;1;1;1;1;0;0;1;0;1;0;1;0;0;1;0;0
guilhermejccavalcanti/flink;3;0;0;0;0;0;0;0;0;0;0;0;0;0;0;0;0;0;0;0;0;0;0;0;0;0;0;25;0;0;0;0;0;0;0;0;0;0;0;0;0;0;0;0;0;0;0;0;0;0
guilhermejccavalcanti/mybatis-3;291;1;0;0;15;2;1;2;0;0;1;0;1;1;0;2;79527067624;3387532675;77845774756;157;1;0;0;0;0;0;0;10043;20;31;2;1;0;0;1;0;0;1;1;0;0;0;0;0;0;0;0;0;0;0
guilhermejccavalcanti/Hydra;97;0;0;0;1;0;0;0;0;0;0;0;0;0;0;0;3470955112;192548046;3433338416;0;0;0;0;0;0;0;0;1236;1;4;0;0;0;0;0;0;0;0;0;0;0;0;0;0;0;0;0;0;0;0
guilhermejccavalcanti/couchdb-lucene;18;0;0;0;1;0;0;0;0;0;0;0;0;0;0;0;11445106260;190087959;11067993538;0;0;0;0;0;0;0;0;65;2;3;0;0;0;0;0;0;0;0;0;0;0;0;0;0;0;0;0;0;0;0
guilhermejccavalcanti/tajo;15;2;2;2;6;3;2;2;2;0;0;0;0;4;4;5;199757593631;6410401831;212042839034;0;0;0;0;0;0;0;0;1366;36;142;9;4;4;4;2;2;2;0;0;0;0;0;0;0;0;0;0;0;0;0
guilhermejccavalcanti/buddycloud-server-java;143;2;2;2;14;3;2;2;2;0;1;0;69;168;10;81;377540698665;14057094488;344272516647;0;0;0;0;0;0;0;0;2111;165;918;151;168;99;99;2;2;2;0;0;0;0;0;0;0;0;0;0;0;0;0
guilhermejccavalcanti/salvage;1;0;0;0;0;0;0;0;0;0;0;0;0;0;0;0;0;0;0;0;0;0;0;0;0;0;0;1;0;0;0;0;0;0;0;0;0;0;0;0;0;0;0;0;0;0;0;0;0;0
guilhermejccavalcanti/AsciidocFX;144;5;4;4;19;8;5;7;4;1;2;1;15;22;5;29;324554554152;4873157061;277394897161;50;1;0;0;0;0;0;0;1147;27;105;11;21;7;6;5;4;4;1;2;0;0;0;0;0;0;0;0;0;0;0
guilhermejccavalcanti/slf4j;43;1;1;1;6;1;1;1;1;0;0;0;0;4;5;4;12459613161;572031773;9213784467;0;0;0;0;0;0;0;0;430;12;16;5;4;4;4;1;1;1;0;0;0;0;0;0;0;0;0;0;0;0;0
guilhermejccavalcanti/mp3agic;25;0;0;0;5;0;0;0;0;0;0;0;0;0;0;0;54645861286;986732726;33560838904;0;0;0;0;0;0;0;0;157;7;16;0;0;0;0;0;0;0;0;0;0;0;0;0;0;0;0;0;0;0;0
guilhermejccavalcanti/kite;77;0;0;0;1;1;0;0;0;0;0;0;0;0;0;0;17656840759;593996263;17981775130;0;0;0;0;0;0;0;0;1315;3;6;1;0;0;0;0;0;0;0;0;0;0;0;0;0;0;0;0;0;0;0
guilhermejccavalcanti/wire;489;1;1;1;37;8;0;0;1;0;0;0;0;0;1;0;558359064742;17373568884;522203090784;160;1;0;0;0;0;0;0;6881;94;416;8;0;0;0;0;0;0;0;0;1;0;1;0;1;0;0;0;0;0;0
guilhermejccavalcanti/play-pac4j;69;0;0;0;2;1;0;1;0;0;0;0;0;0;0;1;7231830256;730727179;8970733194;0;0;0;0;0;0;0;0;331;4;8;1;0;0;0;0;0;0;0;1;0;0;0;0;0;0;0;0;0;0;0
guilhermejccavalcanti/nodebox;55;6;6;6;15;8;6;5;5;0;0;0;0;8;5;6;254367255032;4996634931;192524354520;78;1;0;0;0;0;0;0;503;25;120;10;8;8;8;6;6;6;1;0;0;1;0;1;0;0;0;0;0;0;0
guilhermejccavalcanti/markdownj;3;0;0;0;0;0;0;0;0;0;0;0;0;0;0;0;0;0;0;0;0;0;0;0;0;0;0;1;0;0;0;0;0;0;0;0;0;0;0;0;0;0;0;0;0;0;0;0;0;0
guilhermejccavalcanti/less4j;22;0;0;0;4;0;0;1;0;0;0;0;0;0;0;1;33331714935;792285336;32872418790;0;0;0;0;0;0;0;0;416;10;33;0;0;0;0;0;0;0;0;1;0;0;0;0;0;0;0;0;0;0;0
guilhermejccavalcanti/jInstagram;77;0;0;0;4;1;0;0;0;0;0;0;0;0;0;0;12930106799;890390971;13556495246;0;0;0;0;0;0;0;0;490;5;11;1;0;0;0;0;0;0;0;0;0;0;0;0;0;0;0;0;0;0;0
guilhermejccavalcanti/lyra;14;0;0;0;0;0;0;0;0;0;0;0;0;0;0;0;0;0;0;0;0;0;0;0;0;0;0;25;0;0;0;0;0;0;0;0;0;0;0;0;0;0;0;0;0;0;0;0;0;0
guilhermejccavalcanti/jmxetric;13;0;0;0;2;0;0;0;0;0;0;0;0;0;0;0;8988958059;566754370;10362903658;0;0;0;0;0;0;0;0;38;5;11;0;0;0;0;0;0;0;0;0;0;0;0;0;0;0;0;0;0;0;0
guilhermejccavalcanti/tenacity;44;3;3;3;6;6;3;6;2;0;0;0;0;5;4;14;64704918851;3000803533;71309078352;271;1;0;0;0;0;0;0;455;36;126;11;5;5;5;3;3;3;1;3;0;1;0;1;0;0;0;0;0;0;0
guilhermejccavalcanti/swagger-core;710;28;28;28;121;60;26;32;21;0;1;0;1;42;55;234;1011911781403;61022482859;1124889581857;392;8;0;0;0;1;0;0;20737;604;580;75;42;41;41;26;26;26;7;10;2;7;2;7;2;1;0;0;1;0;0
guilhermejccavalcanti/owlapi;18;1;1;1;3;1;1;1;1;0;0;0;0;8;6;2;40498998666;961129758;31711237314;0;0;0;0;0;0;0;0;1882;6;151;8;8;8;8;1;1;1;0;0;0;0;0;0;0;0;0;0;0;0;0
guilhermejccavalcanti/xdocreport;40;0;0;0;3;0;0;0;0;0;0;0;0;0;0;0;8796927454;379414757;6473730670;0;0;0;0;0;0;0;0;494;3;6;0;0;0;0;0;0;0;0;0;0;0;0;0;0;0;0;0;0;0;0
guilhermejccavalcanti/Liqp;40;0;0;0;0;0;0;0;0;0;0;0;0;0;0;0;0;0;0;0;0;0;0;0;0;0;0;412;0;0;0;0;0;0;0;0;0;0;0;0;0;0;0;0;0;0;0;0;0;0
guilhermejccavalcanti/restlet-framework-java;127;0;0;0;30;0;0;0;0;0;0;0;0;0;0;0;0;0;0;0;0;0;0;0;0;0;0;11609;204;0;0;0;0;0;0;0;0;0;0;0;0;0;0;0;0;0;0;0;0;0
guilhermejccavalcanti/Symfony-2-Eclipse-Plugin;18;1;1;1;1;1;1;1;1;0;0;0;0;5;11;8;7120118363;711718879;8055519283;0;0;0;0;0;0;0;0;161;4;4;4;5;5;5;1;1;1;0;0;0;0;0;0;0;0;0;0;0;0;0
guilhermejccavalcanti/async-http-client;20;0;0;0;2;0;0;0;0;0;0;0;0;0;0;0;20886201975;586158562;17446673423;0;0;0;0;0;0;0;0;354;3;9;0;0;0;0;0;0;0;0;0;0;0;0;0;0;0;0;0;0;0;0
guilhermejccavalcanti/pdfsam;10;0;0;0;1;0;0;1;0;0;0;0;0;0;0;1;5070444341;363987407;4902902030;0;0;0;0;0;0;0;0;103;2;2;0;0;0;0;0;0;0;0;1;0;0;0;0;0;0;0;0;0;0;0
guilhermejccavalcanti/truth;79;0;0;0;6;0;0;0;0;0;0;0;0;0;0;0;13887506223;1309712394;14863027838;0;0;0;0;0;0;0;0;732;8;22;0;0;0;0;0;0;0;0;0;0;0;0;0;0;0;0;0;0;0;0
guilhermejccavalcanti/Vanilla;22;3;3;3;4;3;3;3;2;0;0;0;0;6;4;11;62245699091;2295411476;65462858534;27;1;0;0;0;0;0;0;1930;15;97;10;6;6;6;3;3;3;1;0;0;1;0;1;0;0;0;0;0;0;0
guilhermejccavalcanti/atmosphere;200;4;4;3;23;9;4;3;1;1;2;1;2;7;1;16;385860089012;8878852626;303686218282;249;1;0;0;0;1;0;0;2881;81;156;16;6;5;4;4;4;3;3;0;0;2;0;3;0;1;0;0;1;0;0
guilhermejccavalcanti/GCViewer;16;3;3;3;6;5;3;4;3;1;0;1;0;16;11;20;129494646648;5665396311;140880845993;0;0;0;0;0;0;0;0;888;34;138;15;15;16;15;3;3;3;0;2;0;0;0;0;0;0;0;0;0;0;0
guilhermejccavalcanti/zkclient;3;0;0;0;1;0;0;0;0;0;0;0;0;0;0;0;2595936744;181426313;2404814521;0;0;0;0;0;0;0;0;27;1;3;0;0;0;0;0;0;0;0;0;0;0;0;0;0;0;0;0;0;0;0
guilhermejccavalcanti/okhttp;1323;5;5;5;119;12;5;3;4;0;0;0;0;10;5;7;1593542139276;33432517869;1378127188108;134;1;0;0;0;0;0;0;11542;171;904;19;10;10;10;5;5;5;1;1;0;1;0;1;0;0;0;0;0;0;0
guilhermejccavalcanti/logstash-gelf;11;0;0;0;0;0;0;0;0;0;0;0;0;0;0;0;0;0;0;0;0;0;0;0;0;0;0;50;0;0;0;0;0;0;0;0;0;0;0;0;0;0;0;0;0;0;0;0;0;0
guilhermejccavalcanti/HikariCP;185;16;15;15;41;21;16;16;14;2;3;2;7;51;34;62;391390744955;14354585631;324373283715;162;2;0;0;0;0;0;0;2177;134;714;60;49;44;42;16;15;14;2;1;0;1;1;1;0;0;0;0;0;0;0
guilhermejccavalcanti/lavagna;81;2;1;1;6;3;2;2;1;0;1;0;1;2;1;4;23919796327;1661306580;25561092522;417;1;0;0;0;0;0;0;583;28;22;4;2;1;1;2;1;1;1;1;0;0;0;0;0;0;0;0;0;0;0
guilhermejccavalcanti/spring-cloud-consul;55;1;1;1;8;1;1;1;1;1;0;1;0;6;6;9;31604579196;2352672987;32397271263;0;0;0;0;0;0;0;0;582;53;38;4;5;6;5;1;1;1;0;0;0;0;0;0;0;0;0;0;0;0;0
guilhermejccavalcanti/NetworkLocation;2;0;0;0;1;0;0;0;0;0;0;0;0;0;0;0;2185870179;178035884;2338287323;0;0;0;0;0;0;0;0;22;1;2;0;0;0;0;0;0;0;0;0;0;0;0;0;0;0;0;0;0;0;0
guilhermejccavalcanti/infovore;23;0;0;0;1;1;0;0;0;0;0;0;0;0;0;0;2690535349;186742686;3657441701;0;0;0;0;0;0;0;0;133;4;1;1;0;0;0;0;0;0;0;0;0;0;0;0;0;0;0;0;0;0;0
guilhermejccavalcanti/gson-fire;9;1;1;1;1;1;1;1;1;0;0;0;0;2;2;2;1787518259;177164615;1754158317;0;0;0;0;0;0;0;0;67;1;2;2;2;2;2;1;1;1;0;0;0;0;0;0;0;0;0;0;0;0;0
guilhermejccavalcanti/dynjs;50;3;3;3;9;3;3;2;3;0;1;0;1;24;23;28;170674724157;7293818020;160498386284;0;0;0;0;0;0;0;0;1723;62;305;21;24;23;23;3;3;3;0;0;0;0;0;0;0;0;0;0;0;0;0
guilhermejccavalcanti/roboguice;46;2;2;2;12;3;2;3;1;0;0;0;0;2;1;3;25055917026;1299082121;32852684585;84;1;0;0;0;0;0;0;6146;28;10;3;2;2;2;2;2;2;1;1;0;1;0;1;0;0;0;0;0;0;0
guilhermejccavalcanti/spotify-web-api-java;20;1;1;1;5;1;1;2;1;0;0;0;0;2;1;107;159585653815;9509671010;132626734843;0;0;0;0;0;0;0;0;895;67;249;2;2;2;2;1;1;1;0;1;0;0;0;0;0;0;0;0;0;0;0
guilhermejccavalcanti/spring-petclinic;20;1;1;1;1;1;1;1;1;0;1;0;4;18;11;24;13990235419;1054453781;13927928483;0;0;0;0;0;0;0;0;109;7;11;8;18;14;14;1;1;1;0;0;0;0;0;0;0;0;0;0;0;0;0
guilhermejccavalcanti/eclipse-typescript;32;0;0;0;6;2;0;1;0;0;0;0;0;0;0;1;27950711656;1361195759;31099044326;0;0;0;0;0;0;0;0;207;8;15;2;0;0;0;0;0;0;0;1;0;0;0;0;0;0;0;0;0;0;0
guilhermejccavalcanti/jackson-module-jsonSchema;36;1;1;1;5;1;1;1;0;0;0;0;0;1;0;1;7198899609;857324851;8035471769;47;1;0;0;0;0;0;0;181;8;5;1;1;1;1;1;1;1;1;0;0;1;0;1;0;0;0;0;0;0;0
guilhermejccavalcanti/jackson-dataformat-yaml;30;2;2;2;7;3;2;2;1;0;0;0;0;4;1;5;35127409877;1317622158;34905965232;12;1;0;0;0;0;0;0;124;9;28;4;4;4;4;2;2;2;1;0;0;1;0;1;0;0;0;0;0;0;0
guilhermejccavalcanti/shiro-redis;4;0;0;0;0;0;0;0;0;0;0;0;0;0;0;0;0;0;0;0;0;0;0;0;0;0;0;1;0;0;0;0;0;0;0;0;0;0;0;0;0;0;0;0;0;0;0;0;0;0
guilhermejccavalcanti/UISpec4J;1;0;0;0;0;0;0;0;0;0;0;0;0;0;0;0;0;0;0;0;0;0;0;0;0;0;0;75;0;0;0;0;0;0;0;0;0;0;0;0;0;0;0;0;0;0;0;0;0;0
guilhermejccavalcanti/swagger-maven-plugin;145;2;2;2;19;7;2;4;1;0;1;0;6;56;5;31;99720433105;4380395511;103325053452;161;0;0;0;0;1;0;0;889;53;119;47;56;50;50;2;2;2;1;2;0;1;0;1;0;1;0;0;1;0;0
guilhermejccavalcanti/scribejava;82;1;1;1;3;2;1;1;1;0;0;0;0;3;3;4;5802285273;376210829;5775888674;0;0;0;0;0;0;0;0;1487;3;8;4;3;3;3;1;1;1;0;0;0;0;0;0;0;0;0;0;0;0;0
guilhermejccavalcanti/LWC;5;0;0;0;0;0;0;0;0;0;0;0;0;0;0;0;0;0;0;0;0;0;0;0;0;0;0;23;0;0;0;0;0;0;0;0;0;0;0;0;0;0;0;0;0;0;0;0;0;0
guilhermejccavalcanti/vavr;1083;8;8;8;86;8;8;8;7;0;1;0;1;16;16;17;1943211942021;44855560658;1464170070758;335;0;0;0;0;1;0;0;13432;294;1205;15;16;15;15;8;8;8;1;3;0;1;0;1;0;1;0;0;1;0;0
guilhermejccavalcanti/Essentials;20;1;1;0;1;1;1;1;0;1;0;1;0;1;0;1;2676442888;188705127;2541383989;387;1;0;0;0;0;0;0;398;1;2;1;0;1;0;0;1;0;1;0;0;0;0;1;0;0;0;0;0;0;0
guilhermejccavalcanti/cloudify;209;12;10;10;33;12;12;11;8;1;5;1;20;96;43;145;673030065084;16588204509;603328046446;107;4;0;0;0;0;0;0;3945;612;1145;130;95;76;75;12;10;10;4;1;0;2;0;2;0;0;0;0;0;0;0
guilhermejccavalcanti/YCSB;276;6;6;6;20;10;6;6;3;0;1;0;1;12;10;8;66535290983;3117577868;70539326288;505;0;0;0;0;1;1;1;2370;39;54;17;12;11;11;6;6;6;3;0;0;3;0;3;0;1;1;1;1;1;1
guilhermejccavalcanti/Glowstone;77;2;2;2;15;5;2;2;2;1;0;1;0;11;4;46;458453022162;11829378095;482627454864;0;0;0;0;0;0;0;0;2857;132;210;25;10;11;10;2;2;2;0;0;0;0;0;0;0;0;0;0;0;0;0
guilhermejccavalcanti/eclipse-multicursor;3;0;0;0;0;0;0;0;0;0;0;0;0;0;0;0;0;0;0;0;0;0;0;0;0;0;0;1;0;0;0;0;0;0;0;0;0;0;0;0;0;0;0;0;0;0;0;0;0;0
guilhermejccavalcanti/jooby;115;0;0;0;8;2;0;0;0;0;0;0;0;0;0;0;101804754663;2102501871;92353955299;0;0;0;0;0;0;0;0;1553;14;33;2;0;0;0;0;0;0;0;0;0;0;0;0;0;0;0;0;0;0;0
guilhermejccavalcanti/jackson-dataformat-xml;40;0;0;0;11;0;0;2;0;0;0;0;0;0;0;3;58629608447;2094328594;53795373281;0;0;0;0;0;0;0;0;341;12;45;0;0;0;0;0;0;0;0;2;0;0;0;0;0;0;0;0;0;0;0
guilhermejccavalcanti/NuProcess;23;0;0;0;2;0;0;1;0;0;0;0;0;0;0;1;8797718310;383911513;8137865390;0;0;0;0;0;0;0;0;135;3;6;0;0;0;0;0;0;0;0;1;0;0;0;0;0;0;0;0;0;0;0
guilhermejccavalcanti/feign;74;0;0;0;3;1;0;0;0;0;0;0;0;0;0;0;23066763173;969435725;21998562734;0;0;0;0;0;0;0;0;256;5;7;1;0;0;0;0;0;0;0;0;0;0;0;0;0;0;0;0;0;0;0
guilhermejccavalcanti/BungeeCord;23;1;1;1;5;1;1;2;1;0;0;0;0;2;2;3;34380340768;1450836147;33615618059;0;0;0;0;0;0;0;0;485;14;24;2;2;2;2;1;1;1;0;1;0;0;0;0;0;0;0;0;0;0;0
guilhermejccavalcanti/jsi;4;0;0;0;0;0;0;0;0;0;0;0;0;0;0;0;0;0;0;0;0;0;0;0;0;0;0;4;0;0;0;0;0;0;0;0;0;0;0;0;0;0;0;0;0;0;0;0;0;0
guilhermejccavalcanti/cassandra-reaper;104;9;9;9;18;10;9;9;7;0;3;0;7;49;41;70;143698448824;7517596862;157378472354;72;2;0;0;0;0;0;0;809;116;191;52;49;42;42;9;9;9;2;1;0;2;0;2;0;0;0;0;0;0;0
guilhermejccavalcanti/jsonld-java;65;2;2;2;6;2;2;2;1;1;0;2;0;5;1;6;17851154240;763131419;22126782008;95;0;0;0;0;0;1;0;413;8;26;3;3;5;3;2;2;2;1;0;0;1;0;1;0;0;1;0;0;1;0
guilhermejccavalcanti/oltpbench;62;8;8;8;10;10;8;9;4;0;2;0;2;13;18;15;90729748909;4968680438;108762078597;592;0;0;0;0;4;0;0;1226;70;92;16;13;11;11;8;7;7;4;1;0;4;1;4;1;4;0;0;4;0;0
guilhermejccavalcanti/jcabi-github;187;2;2;2;32;3;2;2;2;0;0;0;0;3;4;3;98854275265;7994697853;110812622963;0;0;0;0;0;0;0;0;6496;52;69;4;3;3;3;2;2;2;0;0;0;0;0;0;0;0;0;0;0;0;0
guilhermejccavalcanti/jesque;24;0;0;0;1;1;0;0;0;0;0;0;0;0;0;0;12300146389;406349215;11284858836;0;0;0;0;0;0;0;0;88;2;23;1;0;0;0;0;0;0;0;0;0;0;0;0;0;0;0;0;0;0;0
guilhermejccavalcanti/LastCalc;6;0;0;0;1;0;0;0;0;0;0;0;0;0;0;0;0;0;0;0;0;0;0;0;0;0;0;18;4;0;0;0;0;0;0;0;0;0;0;0;0;0;0;0;0;0;0;0;0;0
guilhermejccavalcanti/Akka-Essentials;1;0;0;0;0;0;0;0;0;0;0;0;0;0;0;0;0;0;0;0;0;0;0;0;0;0;0;5;0;0;0;0;0;0;0;0;0;0;0;0;0;0;0;0;0;0;0;0;0;0
guilhermejccavalcanti/robospice;48;2;2;2;11;2;2;2;1;0;0;0;0;5;1;7;82928586013;2320599070;73880606911;188;1;0;0;0;0;0;0;433;24;83;5;5;5;5;2;2;2;1;0;0;1;0;1;0;0;0;0;0;0;0
guilhermejccavalcanti/threeten-extra;27;0;0;0;1;0;0;0;0;0;0;0;0;0;0;0;17924940432;422725462;38140349602;0;0;0;0;0;0;0;0;126;2;5;0;0;0;0;0;0;0;0;0;0;0;0;0;0;0;0;0;0;0;0
guilhermejccavalcanti/pollexor;21;0;0;0;0;0;0;0;0;0;0;0;0;0;0;0;0;0;0;0;0;0;0;0;0;0;0;40;0;0;0;0;0;0;0;0;0;0;0;0;0;0;0;0;0;0;0;0;0;0
guilhermejccavalcanti/togglz;56;0;0;0;1;0;0;0;0;0;0;0;0;0;0;0;0;0;0;0;0;0;0;0;0;0;0;272;7;0;0;0;0;0;0;0;0;0;0;0;0;0;0;0;0;0;0;0;0;0
guilhermejccavalcanti/activejpa;11;0;0;0;0;0;0;0;0;0;0;0;0;0;0;0;0;0;0;0;0;0;0;0;0;0;0;121;0;0;0;0;0;0;0;0;0;0;0;0;0;0;0;0;0;0;0;0;0;0
guilhermejccavalcanti/airlift;1;0;0;0;0;0;0;0;0;0;0;0;0;0;0;0;0;0;0;0;0;0;0;0;0;0;0;1;0;0;0;0;0;0;0;0;0;0;0;0;0;0;0;0;0;0;0;0;0;0
guilhermejccavalcanti/spring-data-jdbc-repository;6;0;0;0;0;0;0;0;0;0;0;0;0;0;0;0;0;0;0;0;0;0;0;0;0;0;0;77;0;0;0;0;0;0;0;0;0;0;0;0;0;0;0;0;0;0;0;0;0;0
guilhermejccavalcanti/pinot;7;2;2;2;3;2;2;2;2;0;1;0;1;7;5;10;92894222120;4268065045;106213861168;0;0;0;0;0;0;0;0;301;23;93;20;7;6;6;2;2;2;0;0;0;0;0;0;0;0;0;0;0;0;0
guilhermejccavalcanti/rewrite;28;0;0;0;2;0;0;0;0;0;0;0;0;0;0;0;3830379261;352556384;4437183500;0;0;0;0;0;0;0;0;132;2;4;0;0;0;0;0;0;0;0;0;0;0;0;0;0;0;0;0;0;0;0
guilhermejccavalcanti/cron-utils;174;4;4;4;23;7;4;9;1;0;0;0;0;5;1;16;106705891893;6498259479;120459748321;180;3;0;0;0;0;0;0;2102;100;217;12;5;5;5;4;4;4;3;5;0;3;0;3;0;0;0;0;0;0;0
guilhermejccavalcanti/la4j;98;1;1;1;14;2;1;2;0;0;0;0;0;1;0;3;219034988659;5158084559;164871088534;115;0;0;0;0;1;0;0;786;30;101;2;1;1;1;1;1;1;1;1;0;1;0;1;0;1;0;0;1;0;0
guilhermejccavalcanti/otto;32;0;0;0;2;1;0;0;0;0;0;0;0;0;0;0;7180803710;395357072;7165732664;0;0;0;0;0;0;0;0;59;2;8;1;0;0;0;0;0;0;0;0;0;0;0;0;0;0;0;0;0;0;0
guilhermejccavalcanti/glacieruploader;15;1;1;1;2;1;1;1;0;0;0;0;0;1;0;1;2473999133;346014916;3301958822;61;0;0;0;0;1;0;0;58;6;4;2;1;1;1;1;1;1;1;0;0;1;0;1;0;1;0;0;1;0;0
guilhermejccavalcanti/SansOrm;10;0;0;0;3;0;0;0;0;0;0;0;0;0;0;0;4234404781;382364448;4956868681;0;0;0;0;0;0;0;0;47;4;8;0;0;0;0;0;0;0;0;0;0;0;0;0;0;0;0;0;0;0;0
guilhermejccavalcanti/javaewah;29;0;0;0;3;0;0;1;0;0;0;0;0;0;0;2;49007232438;1351459026;48126460039;0;0;0;0;0;0;0;0;337;7;23;0;0;0;0;0;0;0;0;1;0;0;0;0;0;0;0;0;0;0;0
guilhermejccavalcanti/rest-driver;43;2;2;2;8;3;2;4;2;0;1;0;1;5;4;7;19930120401;1625711097;19599219541;0;0;0;0;0;0;0;0;403;9;30;5;5;4;4;2;2;2;0;2;0;0;0;0;0;0;0;0;0;0;0
guilhermejccavalcanti/neo4j-reco;14;1;1;1;3;2;1;1;0;0;0;0;0;1;0;2;6016330779;554980964;8034887212;57;0;0;0;0;0;0;1;206;5;10;2;1;1;1;1;1;1;1;0;0;1;0;1;0;0;0;1;0;0;1
guilhermejccavalcanti/retrofit;524;2;1;1;27;10;2;2;1;0;1;0;1;11;15;33;207907366314;9397473848;207956844865;71;1;0;0;0;0;0;0;3248;50;325;17;11;10;10;2;1;1;1;0;0;0;0;0;0;0;0;0;0;0;0
guilhermejccavalcanti/plantuml;1;0;0;0;0;0;0;0;0;0;0;0;0;0;0;0;0;0;0;0;0;0;0;0;0;0;0;0;0;0;0;0;0;0;0;0;0;0;0;0;0;0;0;0;0;0;0;0;0;0
guilhermejccavalcanti/really-executable-jars-maven-plugin;3;0;0;0;0;0;0;0;0;0;0;0;0;0;0;0;0;0;0;0;0;0;0;0;0;0;0;2;0;0;0;0;0;0;0;0;0;0;0;0;0;0;0;0;0;0;0;0;0;0
guilhermejccavalcanti/CorfuDB;507;6;6;5;52;16;6;8;2;1;0;1;0;8;4;11;335420728071;14539479689;353437357015;410;3;0;0;0;1;0;0;6391;390;334;28;7;8;7;5;6;5;4;4;0;3;0;4;0;1;0;0;1;0;0
guilhermejccavalcanti/BridJ;7;0;0;0;1;0;0;0;0;0;0;0;0;0;0;0;3986551481;361075449;6843859942;0;0;0;0;0;0;0;0;162;2;2;0;0;0;0;0;0;0;0;0;0;0;0;0;0;0;0;0;0;0;0
guilhermejccavalcanti/akka-amqp-proxies;1;0;0;0;0;0;0;0;0;0;0;0;0;0;0;0;0;0;0;0;0;0;0;0;0;0;0;0;0;0;0;0;0;0;0;0;0;0;0;0;0;0;0;0;0;0;0;0;0;0
guilhermejccavalcanti/Algorithms;13;1;1;1;1;1;1;1;1;0;0;0;0;1;2;1;961794732;175400429;1283170425;0;0;0;0;0;0;0;0;24;2;6;1;1;1;1;1;1;1;0;0;0;0;0;0;0;0;0;0;0;0;0
guilhermejccavalcanti/dropwizard;654;4;4;3;24;6;4;2;3;1;0;1;0;4;3;2;103220804068;5056920982;96750008583;304;1;0;0;0;0;0;0;6978;27;46;7;3;4;3;3;4;3;1;1;0;0;0;1;0;0;0;0;0;0;0
guilhermejccavalcanti/minimal-json;7;0;0;0;1;0;0;0;0;0;0;0;0;0;0;0;5750231583;203234300;4498276486;0;0;0;0;0;0;0;0;19;1;14;0;0;0;0;0;0;0;0;0;0;0;0;0;0;0;0;0;0;0;0
guilhermejccavalcanti/proctor;61;0;0;0;3;1;0;0;0;0;0;0;0;0;0;0;20643925444;793667241;23108791270;0;0;0;0;0;0;0;0;333;4;6;1;0;0;0;0;0;0;0;0;0;0;0;0;0;0;0;0;0;0;0
guilhermejccavalcanti/jade4j;40;0;0;0;4;1;0;0;0;0;0;0;0;0;0;0;34879088614;954107966;27491357066;0;0;0;0;0;0;0;0;509;5;36;1;0;0;0;0;0;0;0;0;0;0;0;0;0;0;0;0;0;0;0
guilhermejccavalcanti/redline-smalltalk;68;1;1;1;2;1;1;1;1;0;0;0;0;2;2;1;18451389465;586607340;11814985932;0;0;0;0;0;0;0;0;835;5;26;2;2;2;2;1;1;1;0;0;0;0;0;0;0;0;0;0;0;0;0
guilhermejccavalcanti/springside4;31;0;0;0;0;0;0;0;0;0;0;0;0;0;0;0;0;0;0;0;0;0;0;0;0;0;0;810;0;0;0;0;0;0;0;0;0;0;0;0;0;0;0;0;0;0;0;0;0;0
guilhermejccavalcanti/snacktory;15;0;0;0;0;0;0;0;0;0;0;0;0;0;0;0;0;0;0;0;0;0;0;0;0;0;0;34;0;0;0;0;0;0;0;0;0;0;0;0;0;0;0;0;0;0;0;0;0;0
guilhermejccavalcanti/deckard-maven;10;0;0;0;0;0;0;0;0;0;0;0;0;0;0;0;0;0;0;0;0;0;0;0;0;0;0;3;0;0;0;0;0;0;0;0;0;0;0;0;0;0;0;0;0;0;0;0;0;0
guilhermejccavalcanti/EMV-NFC-Paycard-Enrollment;5;0;0;0;0;0;0;0;0;0;0;0;0;0;0;0;0;0;0;0;0;0;0;0;0;0;0;66;0;0;0;0;0;0;0;0;0;0;0;0;0;0;0;0;0;0;0;0;0;0
guilhermejccavalcanti/SolrTextTagger;9;0;0;0;0;0;0;0;0;0;0;0;0;0;0;0;0;0;0;0;0;0;0;0;0;0;0;36;0;0;0;0;0;0;0;0;0;0;0;0;0;0;0;0;0;0;0;0;0;0
guilhermejccavalcanti/jackson-databind;618;83;78;75;288;113;81;102;58;5;10;6;11;146;117;193;2413914696545;81014905892;2108795625660;3691;18;0;0;1;3;0;5;98296;786;2884;203;140;135;129;78;76;73;25;25;2;17;2;20;2;1;0;4;1;0;4
guilhermejccavalcanti/reflections;28;0;0;0;4;1;0;0;0;0;0;0;0;0;0;0;21104902268;797970690;20280322799;0;0;0;0;0;0;0;0;87;4;6;1;0;0;0;0;0;0;0;0;0;0;0;0;0;0;0;0;0;0;0
guilhermejccavalcanti/geoserver;479;3;3;3;32;7;3;2;3;0;0;0;0;17;25;3;365387980865;7660944089;372095754106;0;0;0;0;0;0;0;0;32352;49;112;22;17;17;17;3;3;3;0;1;0;0;0;0;0;0;0;0;0;0;0
guilhermejccavalcanti/aerogear-unifiedpush-server;412;2;2;2;14;2;2;4;2;0;0;0;0;2;2;6;26857007528;3361335562;32316933991;0;0;0;0;0;0;0;0;2434;72;25;2;2;2;2;2;2;2;0;2;0;0;0;0;0;0;0;0;0;0;0
guilhermejccavalcanti/google-http-java-client;3;0;0;0;0;0;0;0;0;0;0;0;0;0;0;0;0;0;0;0;0;0;0;0;0;0;0;7;0;0;0;0;0;0;0;0;0;0;0;0;0;0;0;0;0;0;0;0;0;0
guilhermejccavalcanti/statsd-jvm-profiler;16;0;0;0;1;0;0;0;0;0;0;0;0;0;0;0;2882697089;328781935;3592900450;0;0;0;0;0;0;0;0;109;2;1;0;0;0;0;0;0;0;0;0;0;0;0;0;0;0;0;0;0;0;0
guilhermejccavalcanti/jna;251;3;3;3;22;3;3;9;2;0;0;0;0;53;7;26;689447641782;9834118567;415571225450;434;1;0;0;0;0;0;0;3923;62;258;52;53;53;53;3;3;3;1;7;0;1;0;1;0;0;0;0;0;0;0
guilhermejccavalcanti/hdiv;64;3;3;3;18;5;3;4;3;0;1;0;4;31;17;41;328503483383;15862070891;319001865017;0;0;0;0;0;0;0;0;1934;97;501;57;31;27;27;3;3;3;0;1;0;0;0;0;0;0;0;0;0;0;0
guilhermejccavalcanti/typetools;12;0;0;0;0;0;0;0;0;0;0;0;0;0;0;0;0;0;0;0;0;0;0;0;0;0;0;20;0;0;0;0;0;0;0;0;0;0;0;0;0;0;0;0;0;0;0;0;0;0
guilhermejccavalcanti/semantic-versioning;26;0;0;0;1;1;0;0;0;0;0;0;0;0;0;0;3514614383;189803722;3414893022;0;0;0;0;0;0;0;0;101;1;2;1;0;0;0;0;0;0;0;0;0;0;0;0;0;0;0;0;0;0;0
guilhermejccavalcanti/cat;719;12;12;12;61;20;12;16;9;2;0;2;0;26;26;28;250966896475;10549018491;360030652424;382;1;0;0;0;0;2;0;16739;169;132;38;24;26;24;12;12;12;3;5;0;3;0;3;0;0;2;0;0;2;0
guilhermejccavalcanti/rival;26;2;2;2;8;2;2;3;2;0;0;0;0;7;3;16;50956744333;4661897633;69719224405;0;0;0;0;0;0;0;0;385;35;53;10;7;7;7;2;2;2;0;1;0;0;0;0;0;0;0;0;0;0;0
guilhermejccavalcanti/s3auth;46;2;2;2;10;2;2;3;2;0;0;0;0;2;2;3;31619275714;1914329652;37279889485;0;0;0;0;0;0;0;0;653;18;18;2;2;2;2;2;2;2;0;1;0;0;0;0;0;0;0;0;0;0;0
guilhermejccavalcanti/SmsRadar;2;0;0;0;0;0;0;0;0;0;0;0;0;0;0;0;0;0;0;0;0;0;0;0;0;0;0;0;0;0;0;0;0;0;0;0;0;0;0;0;0;0;0;0;0;0;0;0;0;0
guilhermejccavalcanti/quickml;213;30;28;24;63;34;30;35;20;7;3;7;3;85;77;166;320576053794;21379677655;331558524181;989;3;0;0;0;6;0;1;4647;161;463;78;78;82;75;25;28;23;10;8;0;4;1;8;0;5;0;1;2;0;1
guilhermejccavalcanti/spring-boot-admin;50;2;1;1;6;2;2;2;1;0;1;0;3;4;2;8;26684541932;1700911073;26423292393;46;1;0;0;0;0;0;0;804;9;30;9;4;1;1;2;1;1;1;0;0;0;0;0;0;0;0;0;0;0;0
guilhermejccavalcanti/java-design-patterns;261;1;1;1;16;1;1;1;1;0;0;0;0;1;1;1;46833717094;5296890188;52312461976;0;0;0;0;0;0;0;0;14461;74;43;1;1;1;1;1;1;1;0;0;0;0;0;0;0;0;0;0;0;0;0
guilhermejccavalcanti/haeinsa;17;0;0;0;0;0;0;0;0;0;0;0;0;0;0;0;0;0;0;0;0;0;0;0;0;0;0;76;0;0;0;0;0;0;0;0;0;0;0;0;0;0;0;0;0;0;0;0;0;0
guilhermejccavalcanti/tahrir;15;1;1;1;2;1;1;2;1;0;0;0;0;1;1;3;9604967988;736430473;11147116541;0;0;0;0;0;0;0;0;95;4;11;1;1;1;1;1;1;1;0;1;0;0;0;0;0;0;0;0;0;0;0
guilhermejccavalcanti/hadoop;14;0;0;0;2;2;0;0;0;0;0;0;0;0;0;0;6986165803;375500392;11380707586;0;0;0;0;0;0;0;0;21;2;2;2;0;0;0;0;0;0;0;0;0;0;0;0;0;0;0;0;0;0;0
guilhermejccavalcanti/jdeb;58;4;4;3;11;7;4;3;3;1;0;1;0;6;7;4;69864824522;3264241304;70781088445;132;1;0;0;0;0;0;0;496;20;31;9;5;6;5;3;4;3;1;0;0;0;0;1;0;0;0;0;0;0;0
guilhermejccavalcanti/gremlin;14;1;1;1;1;0;1;1;1;0;0;0;0;1;1;1;1615316190;181674362;1852061676;0;0;0;0;0;0;0;0;152;1;0;0;1;1;1;1;1;1;0;0;0;0;0;0;0;0;0;0;0;0;0
guilhermejccavalcanti/dozer;91;1;1;1;12;4;1;0;1;0;0;0;0;1;1;0;71769478339;3807258032;75615109581;0;0;0;0;0;0;0;0;6880;23;64;6;1;1;1;1;1;1;0;0;0;0;0;0;0;0;0;0;0;0;0
guilhermejccavalcanti/smooks;12;0;0;0;0;0;0;0;0;0;0;0;0;0;0;0;0;0;0;0;0;0;0;0;0;0;0;448;0;0;0;0;0;0;0;0;0;0;0;0;0;0;0;0;0;0;0;0;0;0
guilhermejccavalcanti/simmetrics;35;2;2;2;5;1;2;5;2;0;0;0;0;2;2;7;139321095822;12659263103;142896372934;0;0;0;0;0;0;0;0;1274;157;137;1;2;2;2;2;2;2;0;3;0;0;0;0;0;0;0;0;0;0;0
guilhermejccavalcanti/seismic;6;0;0;0;0;0;0;0;0;0;0;0;0;0;0;0;0;0;0;0;0;0;0;0;0;0;0;4;0;0;0;0;0;0;0;0;0;0;0;0;0;0;0;0;0;0;0;0;0;0
guilhermejccavalcanti/progressbutton;11;0;0;0;0;0;0;0;0;0;0;0;0;0;0;0;0;0;0;0;0;0;0;0;0;0;0;17;0;0;0;0;0;0;0;0;0;0;0;0;0;0;0;0;0;0;0;0;0;0
guilhermejccavalcanti/symphony;698;0;0;0;12;2;0;1;0;0;0;0;0;0;0;1;68674560871;1781287627;107441225912;0;0;0;0;0;0;0;0;3550;33;27;2;0;0;0;0;0;0;0;1;0;0;0;0;0;0;0;0;0;0;0
guilhermejccavalcanti/resthub-spring-stack;114;0;0;0;2;0;0;0;0;0;0;0;0;0;0;0;2101919477;180986812;2442941848;0;0;0;0;0;0;0;0;1220;16;10;0;0;0;0;0;0;0;0;0;0;0;0;0;0;0;0;0;0;0;0
guilhermejccavalcanti/socket.io-client-java;26;0;0;0;6;3;0;0;0;0;0;0;0;0;0;0;60718148392;2239272999;52197438221;0;0;0;0;0;0;0;0;134;12;43;4;0;0;0;0;0;0;0;0;0;0;0;0;0;0;0;0;0;0;0
guilhermejccavalcanti/j2objc;56;2;2;2;17;2;2;4;2;0;1;0;1;9;8;12;107330421486;3508363337;96716136148;0;0;0;0;0;0;0;0;3196;100;46;10;9;8;8;2;2;2;0;2;0;0;0;0;0;0;0;0;0;0;0
guilhermejccavalcanti/pitest;75;2;2;2;5;4;2;3;2;0;0;0;0;4;2;7;68215360307;2559642885;58313542944;0;0;0;0;0;0;0;0;2439;97;78;6;4;4;4;2;2;2;0;1;0;0;0;0;0;0;0;0;0;0;0
guilhermejccavalcanti/vraptor;80;2;2;2;13;5;2;3;0;0;0;0;0;2;0;8;102263310959;4343383175;117044016194;157;1;0;0;0;0;0;1;2386;64;46;9;2;2;2;2;2;2;2;1;0;2;0;2;0;0;0;1;0;0;1
guilhermejccavalcanti/GWTP;63;0;0;0;7;0;0;0;0;0;0;0;0;0;0;0;24545682502;1302198213;23485332421;0;0;0;0;0;0;0;0;2946;12;47;0;0;0;0;0;0;0;0;0;0;0;0;0;0;0;0;0;0;0;0
guilhermejccavalcanti/jrugged;23;0;0;0;4;1;0;0;0;0;0;0;0;0;0;0;22058118868;1190065690;19559550713;0;0;0;0;0;0;0;0;107;25;17;1;0;0;0;0;0;0;0;0;0;0;0;0;0;0;0;0;0;0;0
guilhermejccavalcanti/hive;63;24;23;23;51;35;24;27;21;6;5;9;9;681;1554;783;19879080033339;151088555395;16169773134137;930;3;0;0;0;0;0;0;12524;586;4997;534;672;672;663;24;23;23;3;5;0;2;0;2;0;0;0;0;0;0;0
guilhermejccavalcanti/Singularity;410;48;48;46;117;67;45;53;39;4;4;7;6;138;272;317;3358682345963;72069466362;3210862238223;8066;8;0;0;0;3;0;1;13946;506;2171;233;131;132;125;43;45;43;9;10;3;7;3;9;3;3;0;1;2;0;1
guilhermejccavalcanti/vectorz;109;2;2;2;7;1;2;4;0;0;1;0;11;16;0;19;86058617436;3684061301;77294198751;334;0;0;0;0;2;0;0;3221;21;105;14;16;5;5;2;2;2;2;2;0;2;0;2;0;2;0;0;2;0;0
guilhermejccavalcanti/querydsl;612;8;8;8;103;22;8;13;4;0;0;0;0;10;4;44;1441348298666;40305113566;1314569339732;1047;1;0;0;0;0;0;3;44820;208;878;33;10;10;10;8;8;8;4;9;0;4;0;4;0;0;0;3;0;0;3
guilhermejccavalcanti/netty-zmtp;13;0;0;0;1;0;0;0;0;0;0;0;0;0;0;0;0;0;0;0;0;0;0;0;0;0;0;115;7;0;0;0;0;0;0;0;0;0;0;0;0;0;0;0;0;0;0;0;0;0
guilhermejccavalcanti/wicket-bootstrap;167;17;17;17;61;34;17;24;11;0;2;0;3;32;24;58;585718361808;25497534806;631816144839;0;0;0;0;0;0;0;0;9689;158;398;60;32;29;29;17;17;17;6;8;0;6;0;6;0;0;0;0;0;0;0
