Merge commit,Parent 1,Parent 2
3ba28a912a763ff973e3d5ab63ac35a64462c117,c0c6d0e,4482591
7576fa3dd4c0860238f796e9fa85490db7d01ea2,e96943c,f6f1b0d
d9c87e1cc9b192837942ec658910cb7465b526dd,b43d8b5,a9be6e0
9df3c53bed69f614303ffaf64753bae917743166,bfdd9de,04fd1ac
aa9f7cae808ec4ec58f183ee1e5d1b629679a5d9,4116c79,394e171
c7472e3fccd4f16c1c6cf87d2bb4494a1ba1500a,7c335c6,3099f4c
1800432a1cd6ccfffd9bb7edaebf8f25e55902ec,ccb86e6,8b1eb81
7de52ed0e7092af61662d92e9794e5afdd90bfb3,af8e1d1,760454d
357f849bae185cf6b09bfae176a0d1082afab58d,308e77c,ea93ab6
dc1e644ed6448bc46c6ef8c73d3a20bb5ef86996,357f849,50b1c07
483728bac47627aa728a9b46897fe1ab86d5eb11,8105a99,dc1e644
84838a87cc598a9a9f05f68476cdd67b31e2ecc2,64a7296,b051453
03077daed514b3a49a426afcd4143e2c37476e41,bbd4c21,583228c
6f9fadec02576f4cbc00ccef305b98821c0abbd5,96f0ab5,59ddfff
a08317dd89c4076c0b9486ca6180d541591c3538,793e85b,b5f54ba
0b1345325af23e3280108bf3d21189c367573dad,468e158,81a8a35
ced94bff0c76d36d3d0f875a41ce3570e107e63a,b4cc53e,38b56a4
6319d4bd07ded3b89f67098a3b69c11e5f74be22,6c216ab,516eb8e
596395952c8f4333ac06f93e5a75c1d383a19bb2,53ce8aa,97e96d1
935c895593495ede2e0298f8e59a6cfad2a05502,c745304,f52298b
a305280ec266a528fdb0532a77a9245a13b626b4,5e81b80,a2ac73f
c0a453c720d51d1c25de6deadcde9f92b81ce85b,7cbaa0a,34b689f
e0c5c06ab5f4ce8faf13128e4dc2c66a4b9abbbe,404592b,f7f91e7
82ab7727076764d5c43cd492c70efc2f5b1e44bd,47a0af5,ef349ae
d6a2526b5420125ba543282720d7036340e2c7e0,2fe0652,80b2502
a8bc1ad6788a72f02ac30b500507cec74e719f53,85dbaef,f0bb5bb
ac5a3f6c0c728fc73b3d38ba3dc5b0e39a753265,411c5f9,8d48bb6
35322976b3226ecefd34e1949e8a3660a939e45d,356699d,c5b8546
ce4c3888735fd0c44d8093580317858f63a70804,fc65e9a,ecec8d2
abf46e036b85499c23998e95205c7ba6306809ed,9145cee,a25b54b
a76ac61d13c2fe7f5445354585d3e10ec4f4a221,5f99926,ff5e3a6
1bdcb344541e285950a7142c9fc9b2ba2246c05e,ea79bdf,75dea6f
c29f8c854fc02ab559f98b7f037e98ad96c7145b,e7ff497,5cdad7b
b867af2f7f9eae5a6a06e5e18541c608df88ec2f,d28eee2,279cb16
c8852bb25df5eb7ef93cd32a6e4522bc6085d3a4,6446fba,016089f
85498c0d94cf5c1455e2efc4fd9593a2a99231d9,45e388c,995d4d2
b866f08b56918c985fc91542b72fb44c4f3fcbc6,bd74442,bb31dc1
11a529184bcddaef540070b395d835cda100033d,628d8e3,0e749dd
